模拟经营,樱花校园模拟器(中文版),http://app.mi.com/datails?id=jp.garud.ssimulator.mt
休闲创意,乐高无限,http://app.mi.com/datails?id=com.tencent.LEGOCUBE
网游RPG,火影忍者-疾风传,http://app.mi.com/datails?id=com.tencent.KiHan
战争策略,部落冲突,http://app.mi.com/datails?id=com.supercell.clashofclans.mi
棋牌桌游,天天斗地主（真人版）,http://app.mi.com/datails?id=com.zengame.ttddzrb.p365you
网游RPG,阴阳师,http://app.mi.com/datails?id=com.netease.onmyoji.mi
休闲创意,节奏大师,http://app.mi.com/datails?id=com.tencent.game.rhythmmaster
战争策略,皇室战争,http://app.mi.com/datails?id=com.supercell.clashroyale.mi
休闲创意,天天爱捕鱼,http://app.mi.com/datails?id=com.haofei.ttaby.mi
网游RPG,明日之后,http://app.mi.com/datails?id=com.netease.mrzh.mi
塔防迷宫,植物大战僵尸2,http://app.mi.com/datails?id=com.popcap.pvz2cthdxm
网游RPG,跑跑卡丁车官方竞速版,http://app.mi.com/datails?id=com.tencent.tmgp.WePop
休闲创意,美味蓝色星球,http://app.mi.com/datails?id=com.dingogames.tastyblue.gtx
模拟经营,奇迹暖暖,http://app.mi.com/datails?id=com.tencent.tmgp.qjnn
休闲创意,奇葩战斗家,http://app.mi.com/datails?id=com.leiting.daluandou.mi
塔防迷宫,植物大战僵尸,http://app.mi.com/datails?id=com.pvz.nb
儿童益智,我的安吉拉,http://app.mi.com/datails?id=com.outfit7.mytalkingangelafree
模拟经营,60秒生存,http://app.mi.com/datails?id=com.devsec.nuke.dbzq.m
儿童益智,我的汤姆猫,http://app.mi.com/datails?id=com.outfit7.mytalkingtomfree
休闲创意,恐怖奶奶,http://app.mi.com/datails?id=com.dvloper.granny.fhp
塔防迷宫,植物大战僵尸2,http://app.mi.com/datails?id=com.popcap.pvz2xm
网游RPG,奥拉星,http://app.mi.com/datails?id=com.baitian.alx.alxsy.mi
战争策略,王国纪元,http://app.mi.com/datails?id=com.igg.android.lordsmobile_cn
战争策略,多多自走棋,http://app.mi.com/datails?id=com.ilongyuan.zzq.mi
棋牌桌游,JJ斗地主,http://app.mi.com/datails?id=cn.jj
棋牌桌游,三国杀,http://app.mi.com/datails?id=com.bf.sgs.hdexp.mi
跑酷闯关,忍者必须死3,http://app.mi.com/datails?id=com.pandadastudio.ninjamustdie3.mi
跑酷闯关,天天酷跑,http://app.mi.com/datails?id=com.tencent.pao
棋牌桌游,欢乐麻将全集,http://app.mi.com/datails?id=com.qqgame.happymj
棋牌桌游,欢乐斗地主-单机版,http://app.mi.com/datails?id=com.standddz002.mi
实用工具,真保蟹保险,http://app.mi.com/datails?id=com.milian.zbx
实用工具,清理大师极速版,http://app.mi.com/datails?id=com.mc.clean
实用工具,福佑卡车,http://app.mi.com/datails?id=com.foryou.truck
实用工具,万能wifi密码钥匙,http://app.mi.com/datails?id=com.password.znwnkey
实用工具,船货之家,http://app.mi.com/datails?id=com.app.chuanhuo
实用工具,国象联盟,http://app.mi.com/datails?id=com.zebra.ichess
实用工具,益尔多,http://app.mi.com/datails?id=com.feichang.yierduo
实用工具,学校邦-企业,http://app.mi.com/datails?id=com.jsy.xxbqy.myapplication
实用工具,超能清理大师,http://app.mi.com/datails?id=com.cleanmonster
实用工具,宝安通,http://app.mi.com/datails?id=com.mst.activity
实用工具,网盘库,http://app.mi.com/datails?id=com.dcdog.wpk
实用工具,萌猪记账,http://app.mi.com/datails?id=com.yzd.habit.itally
实用工具,来电秀秀,http://app.mi.com/datails?id=com.laidian.xiu
实用工具,好券零购,http://app.mi.com/datails?id=chengdeccw.cn.taovideo
实用工具,小日常,http://app.mi.com/datails?id=com.android.yzd.habit
实用工具,企查猫企业查询,http://app.mi.com/datails?id=com.forward.qcat
实用工具,青叶悦康,http://app.mi.com/datails?id=com.yunze.healthcare
实用工具,安帮客商户端,http://app.mi.com/datails?id=com.abk.lb
实用工具,卓师兄,http://app.mi.com/datails?id=com.auntec.zhuoshixiong
实用工具,WiFi万能钥匙,http://app.mi.com/datails?id=com.snda.wifilocating
实用工具,i-TOP创意共享,http://app.mi.com/datails?id=com.shangjie.itop
实用工具,小Biu扫地机,http://app.mi.com/datails?id=com.suning.sweeper
实用工具,乘车码,http://app.mi.com/datails?id=com.tencent.fit.ccm
实用工具,新安人才网,http://app.mi.com/datails?id=cn.goodjobs.client
实用工具,交银人寿,http://app.mi.com/datails?id=com.bocommlife.healthywalk
实用工具,小威管家,http://app.mi.com/datails?id=com.wondershare.ywsmart
实用工具,HELO,http://app.mi.com/datails?id=com.fesco.ffyw
实用工具,微多猫,http://app.mi.com/datails?id=com.leyou.wscat
实用工具,极光动态IP,http://app.mi.com/datails?id=com.zhima.aurora
实用工具,小Biu,http://app.mi.com/datails?id=com.suning.ailabs.soundbox
实用工具,比夫电竞,http://app.mi.com/datails?id=com.huizhihuyu.buff.buff_electronic_sports
实用工具,阅享易栈,http://app.mi.com/datails?id=com.bottle.sharebooks
实用工具,北京通e商户,http://app.mi.com/datails?id=com.xingchen.helper96156business
实用工具,易上网,http://app.mi.com/datails?id=rwy.baoan.netsupervisor
实用工具,思齐圈,http://app.mi.com/datails?id=com.siqiquan.app
实用工具,声智小易,http://app.mi.com/datails?id=com.xiaosheng.saiis
实用工具,运满满货主,http://app.mi.com/datails?id=com.xiwei.logistics.consignor
实用工具,农活帮,http://app.mi.com/datails?id=com.hanhe.nonghuobang
实用工具,农活帮-帮手端,http://app.mi.com/datails?id=com.hanhe.nhbbs
实用工具,手电筒,http://app.mi.com/datails?id=com.doudou.flashlight
实用工具,弹窝,http://app.mi.com/datails?id=com.rent_app
实用工具,易哒,http://app.mi.com/datails?id=com.yida.psz
实用工具,昭格,http://app.mi.com/datails?id=com.zk.missmood
实用工具,时机时机,http://app.mi.com/datails?id=cn.recruit
实用工具,猎聘,http://app.mi.com/datails?id=com.lietou.mishu
实用工具,WiFi钥匙,http://app.mi.com/datails?id=com.wifi.key
实用工具,油葫芦,http://app.mi.com/datails?id=com.shengfeng.operations
实用工具,闪电分期,http://app.mi.com/datails?id=com.example.jielebao181122
实用工具,智汇魔方经理版,http://app.mi.com/datails?id=com.zhmf.zhmf2
实用工具,百度极速版,http://app.mi.com/datails?id=com.baidu.searchbox.lite
实用工具,WiFi信号增强器,http://app.mi.com/datails?id=com.syezon.wifi
实用工具,电池超人,http://app.mi.com/datails?id=com.isyezon.kbatterydoctor
实用工具,寓美智能,http://app.mi.com/datails?id=com.yzym.xiaoyu
实用工具,随收银,http://app.mi.com/datails?id=com.generic_oem.cashier
实用工具,嗨秀来电,http://app.mi.com/datails?id=com.quphone.show
实用工具,Aii：遇见,http://app.mi.com/datails?id=com.cheetah.mate
实用工具,畜牧帮,http://app.mi.com/datails?id=com.eastmind.xmb
实用工具,凌度车生活,http://app.mi.com/datails?id=cn.com.blackview.dashcam
实用工具,蓝牙调试器,http://app.mi.com/datails?id=xnj.lazydog.btcontroller
实用工具,一哥管家,http://app.mi.com/datails?id=com.zhp.onemanager
动作枪战,王牌战士,http://app.mi.com/datails?id=com.tencent.af
网游RPG,王者荣耀,http://app.mi.com/datails?id=com.tencent.tmgp.sgame
动作枪战,和平精英,http://app.mi.com/datails?id=com.tencent.tmgp.pubgmhd
休闲创意,迷你世界,http://app.mi.com/datails?id=com.minitech.miniworld.TMobile.mi
赛车体育,狂野飙车9：竞速传奇,http://app.mi.com/datails?id=com.aligames.kuang.kybc.mi
休闲创意,我的世界-村庄保卫战,http://app.mi.com/datails?id=com.netease.mc.mi
动作枪战,穿越火线-枪战王者,http://app.mi.com/datails?id=com.tencent.tmgp.cf
网游RPG,猫和老鼠,http://app.mi.com/datails?id=com.netease.tom.mi
赛车体育,QQ飞车手游,http://app.mi.com/datails?id=com.tencent.tmgp.speedmobile
网游RPG,闪耀暖暖,http://app.mi.com/datails?id=com.papegames.nn4.mi
休闲创意,QQ炫舞,http://app.mi.com/datails?id=com.tencent.tmgp.qqx5
跑酷闯关,汤姆猫跑酷,http://app.mi.com/datails?id=com.outfit7.talkingtomgoldrun.mi
休闲创意,贪吃蛇大作战&reg;,http://app.mi.com/datails?id=com.wepie.snake.new.mi
棋牌桌游,欢快斗地主,http://app.mi.com/datails?id=com.mailin.hkddz.mi
休闲创意,球球大作战,http://app.mi.com/datails?id=com.ztgame.bob
网游RPG,第五人格,http://app.mi.com/datails?id=com.netease.dwrg.mi
休闲创意,开心消消乐-太空计划,http://app.mi.com/datails?id=com.happyelements.AndroidAnimal
棋牌桌游,五子棋,http://app.mi.com/datails?id=com.wedobest.fivechess.mi
跑酷闯关,滚动的天空,http://app.mi.com/datails?id=com.turbochilli.rollingsky_cn.mi
休闲创意,激斗火柴人,http://app.mi.com/datails?id=com.example.gcloudu3ddemo.mi
休闲创意,我的汤姆猫2,http://app.mi.com/datails?id=com.outfit7.mytalkingtom2.mi
动作枪战,元气骑士,http://app.mi.com/datails?id=com.knight.union.mi
跑酷闯关,神庙逃亡2,http://app.mi.com/datails?id=com.imangi.templerun2
网游RPG,斗罗大陆-送武魂,http://app.mi.com/datails?id=com.m37.dldl.mi
动作枪战,躲猫猫(中文版),http://app.mi.com/datails?id=com.hgames.propvshunter.gtx
休闲创意,脑点子,http://app.mi.com/datails?id=jp.co.translimit.braindots.mt
休闲创意,逃跑吧！少年-新角色登场,http://app.mi.com/datails?id=com.bairimeng.dmmdzz.mi
跑酷闯关,地铁跑酷,http://app.mi.com/datails?id=com.kiloo.subwaysurf
休闲创意,钢琴块2,http://app.mi.com/datails?id=com.cmplay.tiles2_cn.mi
休闲创意,躲猫猫大战,http://app.mi.com/datails?id=com.sandboxol.indiegame.hideandseek.mt
影音视听,LOOK直播,http://app.mi.com/datails?id=com.netease.play
影音视听,来电闪光灯-嗨来电,http://app.mi.com/datails?id=com.hd.fly.flashlight
影音视听,KK直播-视频交友,http://app.mi.com/datails?id=com.melot.meshow
影音视听,KIXMIX,http://app.mi.com/datails?id=cc.kixmix.video
影音视听,Carvoice,http://app.mi.com/datails?id=com.carvoice_rn
影音视听,爱追剧影音,http://app.mi.com/datails?id=com.zlkj.tianrang
影音视听,VV音乐,http://app.mi.com/datails?id=com.vv51.mvbox
影音视听,95约吧直播,http://app.mi.com/datails?id=com.gzlok.gamemarket.yeyue.show
影音视听,云豆,http://app.mi.com/datails?id=hbsi.yfzx.smartvodapp
影音视听,蜜兔直播,http://app.mi.com/datails?id=com.mitu.ui
影音视听,火锅视频,http://app.mi.com/datails?id=com.tencent.firevideo
影音视听,笑番视频,http://app.mi.com/datails?id=com.kwai.oscar
影音视听,手机铃声库,http://app.mi.com/datails?id=com.blueocean.bell
影音视听,哎呀娱乐,http://app.mi.com/datails?id=com.aiyayule.phonelive
影音视听,追唱K歌,http://app.mi.com/datails?id=com.yyopenapp.zc
影音视听,Biu魔音,http://app.mi.com/datails?id=com.magical.music
影音视听,好兔视频,http://app.mi.com/datails?id=tv.yilan.howto.app
影音视听,看点视频,http://app.mi.com/datails?id=com.tencent.rijvideo
影音视听,比比心,http://app.mi.com/datails?id=live.bbx.app
影音视听,唱鸭,http://app.mi.com/datails?id=com.rockets.chang
影音视听,3D无界,http://app.mi.com/datails?id=cn.com.eyes3d
影音视听,羚萌直播,http://app.mi.com/datails?id=com.julun.lingmeng
影音视听,HOYO,http://app.mi.com/datails?id=com.haoyuehuyu.hoyo
影音视听,阅赚赚,http://app.mi.com/datails?id=com.zx.mj.yzz
影音视听,乐播播,http://app.mi.com/datails?id=com.gzbn.live
影音视听,虎牙助手,http://app.mi.com/datails?id=com.duowan.live
影音视听,欢秀直播,http://app.mi.com/datails?id=com.yeshen.live
影音视听,歌者盟学唱歌,http://app.mi.com/datails?id=com.gtan.church
影音视听,斗鱼直播,http://app.mi.com/datails?id=air.tv.douyu.android
影音视听,兔几直播,http://app.mi.com/datails?id=com.tuji.live.tv
影音视听,湖南IPTV,http://app.mi.com/datails?id=com.ct.itv
影音视听,来疯直播,http://app.mi.com/datails?id=com.youku.crazytogether
影音视听,逛逛,http://app.mi.com/datails?id=com.paopao.guangg
影音视听,翻茄音乐,http://app.mi.com/datails?id=cn.kuwo.cover
影音视听,乐娱秀场,http://app.mi.com/datails?id=com.boring.live
影音视听,抱抱,http://app.mi.com/datails?id=cn.myhug.baobao
影音视听,艾米直播,http://app.mi.com/datails?id=com.mobimtech.natives.ivp
影音视听,唱吧 - K歌社交平台,http://app.mi.com/datails?id=com.changba
影音视听,录屏录音快剪辑,http://app.mi.com/datails?id=com.qtec.capturerecorder.receditor.screenrecorder
影音视听,Boom音乐,http://app.mi.com/datails?id=cn.kuwo.boom
影音视听,影视大全高清版,http://app.mi.com/datails?id=com.sesame.video
影音视听,酷狗直播极速版,http://app.mi.com/datails?id=com.kugou.fanxing.lite
影音视听,咪咕圈圈,http://app.mi.com/datails?id=com.hisunflytone.android
影音视听,氧秀直播,http://app.mi.com/datails?id=com.syoogame.yangba
影音视听,放克,http://app.mi.com/datails?id=com.xiaoguaishou.app
影音视听,艾颂音乐,http://app.mi.com/datails?id=com.aisong.cx.child
影音视听,西瓜视频,http://app.mi.com/datails?id=com.ss.android.article.video
影音视听,kino Baxlan,http://app.mi.com/datails?id=com.baxlan.video
影音视听,影视大全,http://app.mi.com/datails?id=com.ysdq.hd
影音视听,火萤Up,http://app.mi.com/datails?id=com.znxh.hyengine
影音视听,轻视频,http://app.mi.com/datails?id=com.bilibili.qing
影音视听,映客,http://app.mi.com/datails?id=com.meelive.ingkee
影音视听,波波视频,http://app.mi.com/datails?id=tv.yixia.bobo
影音视听,街声,http://app.mi.com/datails?id=com.streetvoice.streetvoice.cn
影音视听,TCL空调,http://app.mi.com/datails?id=com.Threecont.TCL
影音视听,indiapiano,http://app.mi.com/datails?id=com.youtocode.indiapiano
影音视听,时光魔镜,http://app.mi.com/datails?id=cn.ar365.artime
影音视听,韩剧TV,http://app.mi.com/datails?id=com.leku.hmsq
影音视听,DJ嗨嗨,http://app.mi.com/datails?id=com.shoujiduoduo.hihi
影音视听,中国古筝网,http://app.mi.com/datails?id=com.guzheng.android
图书阅读,好看漫画,http://app.mi.com/datails?id=com.comic.comicapp
图书阅读,每天读点故事,http://app.mi.com/datails?id=com.dudiangushi.dudiangushi
图书阅读,黑岩阅读-小说听书,http://app.mi.com/datails?id=com.heiyan.reader
图书阅读,波洞,http://app.mi.com/datails?id=com.tencent.nijigen
图书阅读,点阅小说,http://app.mi.com/datails?id=com.dotreader.dnovel
图书阅读,热门小说大全,http://app.mi.com/datails?id=com.scly.rmxsdq
图书阅读,逐浪小说,http://app.mi.com/datails?id=com.zhulang.reader
图书阅读,笔趣阁免费小说吧,http://app.mi.com/datails?id=com.rrjg.bqgnovels
图书阅读,崇文文学,http://app.mi.com/datails?id=com.hwly.cwgpro
图书阅读,TXT免费小说书城,http://app.mi.com/datails?id=com.superlove.txtfree
图书阅读,小独,http://app.mi.com/datails?id=com.c2vl.peace
图书阅读,连尚免费读书,http://app.mi.com/datails?id=com.wifi.reader.free
图书阅读,连尚读书,http://app.mi.com/datails?id=com.wifi.reader
图书阅读,QQ阅读,http://app.mi.com/datails?id=com.qq.reader
图书阅读,沃阅读,http://app.mi.com/datails?id=com.unicom.zworeader.ui
图书阅读,熊猫看书,http://app.mi.com/datails?id=com.nd.android.pandareader
图书阅读,追书神器免费版,http://app.mi.com/datails?id=com.ushaqi.zhuishushenqi.adfree
图书阅读,酷阅小说,http://app.mi.com/datails?id=com.tengya.xiaoshuo
图书阅读,恋恋花名册,http://app.mi.com/datails?id=com.comics.pickmylove
图书阅读,枕阅小说,http://app.mi.com/datails?id=com.yr.qmzs
图书阅读,17K小说,http://app.mi.com/datails?id=com.chineseall.reader
图书阅读,创别书城,http://app.mi.com/datails?id=com.hw.cbread
图书阅读,微信读书,http://app.mi.com/datails?id=com.tencent.weread
图书阅读,快看漫画,http://app.mi.com/datails?id=com.kuaikan.comic
图书阅读,笔趣阁免费小说城,http://app.mi.com/datails?id=com.xlkj.bqgmfxsc
图书阅读,笔趣阁阅书城,http://app.mi.com/datails?id=com.zhrj.bqgysc
图书阅读,城客,http://app.mi.com/datails?id=com.pluscity
图书阅读,笔趣阁全本小说,http://app.mi.com/datails?id=com.pxws.bqgqbxs
图书阅读,爱看书,http://app.mi.com/datails?id=com.mfyueduqi.book
图书阅读,新周刊-杂志阅读,http://app.mi.com/datails?id=com.newsweekly.livepi
图书阅读,红袖读书,http://app.mi.com/datails?id=com.hongxiu.app
图书阅读,秒读免费小说,http://app.mi.com/datails?id=com.huancheng.qszreader
图书阅读,犀牛小说,http://app.mi.com/datails?id=com.xioashuo.quan
图书阅读,快追免费小说,http://app.mi.com/datails?id=com.dawenming.novelreader
图书阅读,起点读书,http://app.mi.com/datails?id=com.qidian.QDReader
图书阅读,十点读书,http://app.mi.com/datails?id=com.sdiread.kt.ktandroid
图书阅读,全本免费热门小说,http://app.mi.com/datails?id=cn.qbmfrmxs.reader
图书阅读,长佩阅读,http://app.mi.com/datails?id=net.cpwxw.cpfiction
图书阅读,小狸阅读-免费追书,http://app.mi.com/datails?id=com.foxors.xlbooks
图书阅读,早晚读书,http://app.mi.com/datails?id=com.wjs.read
图书阅读,免费小说阅读大全,http://app.mi.com/datails?id=com.hk.reader
图书阅读,铁血读书,http://app.mi.com/datails?id=com.reader.tiexuereader
图书阅读,趣阅小说,http://app.mi.com/datails?id=com.jdhd.qynovels
图书阅读,追书神器,http://app.mi.com/datails?id=com.ushaqi.zhuishushenqi
图书阅读,多多免费书,http://app.mi.com/datails?id=com.sogou.reader.free
图书阅读,漫画岛,http://app.mi.com/datails?id=com.android.comicsisland.activity
图书阅读,免费小说集锦,http://app.mi.com/datails?id=com.dz.mfxsqj
图书阅读,湛庐阅读,http://app.mi.com/datails?id=com.cheersedu.app
图书阅读,追读小说,http://app.mi.com/datails?id=com.wairead.book
图书阅读,免费读书-免费小说,http://app.mi.com/datails?id=com.weteent.freebook
图书阅读,快读小说全本免费,http://app.mi.com/datails?id=com.kuaiyue.quanben.mianfei
图书阅读,哔哩哔哩漫画,http://app.mi.com/datails?id=com.bilibili.comic
图书阅读,布壳免费小说,http://app.mi.com/datails?id=com.ywread.book
图书阅读,学习通,http://app.mi.com/datails?id=com.chaoxing.mobile
图书阅读,魔读小说,http://app.mi.com/datails?id=com.shishan.modu
图书阅读,有趣免费小说书城,http://app.mi.com/datails?id=com.fq.fqnovel
图书阅读,彩虹阅读,http://app.mi.com/datails?id=com.haohan.quanminyuedu
图书阅读,怡阅小说,http://app.mi.com/datails?id=com.yiyue.yuekan
图书阅读,酷漫漫画,http://app.mi.com/datails?id=com.kuman.comic
图书阅读,悠漫部落,http://app.mi.com/datails?id=com.iymbl.reader
聊天社交,你妳婚恋,http://app.mi.com/datails?id=ninihl.com.app
聊天社交,奇聊,http://app.mi.com/datails?id=com.szqd.qchat
聊天社交,哈哈语音,http://app.mi.com/datails?id=com.kuaixiang.haha
聊天社交,泡泡鱼社交,http://app.mi.com/datails?id=com.dayu.ppy
聊天社交,梯田交友-90后交友,http://app.mi.com/datails?id=net.titianapp.android
聊天社交,甜蜜星球,http://app.mi.com/datails?id=com.yuhuankj.tmxq
聊天社交,悠趣直播,http://app.mi.com/datails?id=com.uqu.live
聊天社交,单身聚-恩爱处cp,http://app.mi.com/datails?id=com.hualian.project.dsj
聊天社交,糖侣交友,http://app.mi.com/datails?id=com.youyu.lwb_1
聊天社交,猎游-游戏交友平台,http://app.mi.com/datails?id=com.feiteng.lieyou
聊天社交,爱它乐,http://app.mi.com/datails?id=com.wanhe.atale
聊天社交,小黑盒,http://app.mi.com/datails?id=com.max.xiaoheihe
聊天社交,云会商,http://app.mi.com/datails?id=com.soyuan.cloudtalk
聊天社交,Heychat,http://app.mi.com/datails?id=xyz.heychat.android
聊天社交,恋恋,http://app.mi.com/datails?id=com.lianlian.videoline
聊天社交,知业房产社区,http://app.mi.com/datails?id=com.xx.hxy
聊天社交,爱淄博,http://app.mi.com/datails?id=com.izibo.forum
聊天社交,豁者,http://app.mi.com/datails?id=com.huozheor.sharelife
聊天社交,邻际圈,http://app.mi.com/datails?id=com.union.ineighbor
聊天社交,服装衣信汇,http://app.mi.com/datails?id=com.yixinhui
聊天社交,Spot,http://app.mi.com/datails?id=com.getremark.spot
聊天社交,路游侠,http://app.mi.com/datails?id=com.bwuni.routeman
聊天社交,二杠,http://app.mi.com/datails?id=com.appcpi.yoco
聊天社交,恋爱记,http://app.mi.com/datails?id=com.lianaibiji.dev
聊天社交,火箭相亲,http://app.mi.com/datails?id=com.xxzx.rocketdating
聊天社交,论否,http://app.mi.com/datails?id=tech.nani.www.nani
聊天社交,黑鲨社区,http://app.mi.com/datails?id=com.blackshark.forum
聊天社交,太极道,http://app.mi.com/datails?id=com.tianyin.www.taiji
聊天社交,慧美丰物业,http://app.mi.com/datails?id=com.hmf.social_admin
聊天社交,职业传记,http://app.mi.com/datails?id=com.careermemoir.zhizhuan
聊天社交,慧美丰,http://app.mi.com/datails?id=com.hmf.hmfsocial
聊天社交,青藤之恋,http://app.mi.com/datails?id=com.wepie.ivy
聊天社交,秘觅,http://app.mi.com/datails?id=com.jinlu.mimi
聊天社交,微鲤畅聊版,http://app.mi.com/datails?id=cn.tech.weili.kankan
聊天社交,尾牙大学,http://app.mi.com/datails?id=com.yiju
聊天社交,同桌游戏,http://app.mi.com/datails?id=com.tongzhuo.tongzhuogame
聊天社交,耳觅-接唱社区,http://app.mi.com/datails?id=cn.myhug.tiaoyin
聊天社交,MOMO陌陌,http://app.mi.com/datails?id=com.immomo.momo
聊天社交,狐友,http://app.mi.com/datails?id=com.sohu.sohuhy
聊天社交,微光,http://app.mi.com/datails?id=com.qingqi.dianbo
聊天社交,58信鸽,http://app.mi.com/datails?id=com.shorigo.pigeon_flying
聊天社交,知了IM,http://app.mi.com/datails?id=com.zhiliaoim
聊天社交,十点聊天,http://app.mi.com/datails?id=com.bingo.yeliao
聊天社交,喜邻,http://app.mi.com/datails?id=com.grandlynn.xilin
聊天社交,麦豆microdots,http://app.mi.com/datails?id=wb.qc.com.wheatbeanandroid
聊天社交,匹诺曹手机录音机,http://app.mi.com/datails?id=com.cungu.callrecorder.ui
聊天社交,MUA语音,http://app.mi.com/datails?id=com.deepsea.mua
聊天社交,志愿滨海,http://app.mi.com/datails?id=com.bbdtek.volunteerservice
聊天社交,同城找对象,http://app.mi.com/datails?id=com.jiangaihunlian.zhaoduixiang
聊天社交,文蜜,http://app.mi.com/datails?id=com.aiyatech.yoyo
聊天社交,麦约同城交友聊天,http://app.mi.com/datails?id=com.xys.maiyue
聊天社交,自在社区,http://app.mi.com/datails?id=com.rfchina.app.supercommunity
聊天社交,微鲤,http://app.mi.com/datails?id=cn.weli.story
聊天社交,拇信,http://app.mi.com/datails?id=com.immuxin.muxin
聊天社交,YY手游语音,http://app.mi.com/datails?id=com.duowan.gamevoice
聊天社交,乐器时代,http://app.mi.com/datails?id=com.icebartech.instrument_era
聊天社交,微撩,http://app.mi.com/datails?id=com.liangsai.vchat
聊天社交,六点喇叭,http://app.mi.com/datails?id=com.znhd.sixdspeaker
聊天社交,亲友圈,http://app.mi.com/datails?id=com.dashux.clubclient
聊天社交,交友吧-聊天漂流瓶,http://app.mi.com/datails?id=com.cdjy.jyba
学习教育,朴新师生,http://app.mi.com/datails?id=com.pxjy.app.student
学习教育,多多爱换装,http://app.mi.com/datails?id=com.duoduo.games.decorate
学习教育,校园在线,http://app.mi.com/datails?id=net.zgxyzx.mobile
学习教育,厚大法考,http://app.mi.com/datails?id=com.houdask.app
学习教育,优课达,http://app.mi.com/datails?id=com.youkeda.android
学习教育,阅伴教师端,http://app.mi.com/datails?id=com.example.bzc.myreader
学习教育,高分说新版,http://app.mi.com/datails?id=com.gfs.android.highscoretalk
学习教育,今川日语,http://app.mi.com/datails?id=com.example.yuanren123.learnjanpanese
学习教育,感染界,http://app.mi.com/datails?id=com.mrc.idrp
学习教育,过过掌MBA,http://app.mi.com/datails?id=com.yuxin.zhangtengkeji
学习教育,古筝,http://app.mi.com/datails?id=com.meetstudio.app.Zither
学习教育,文物加,http://app.mi.com/datails?id=com.sdo.qihang.wenbo
学习教育,天羽卫仕,http://app.mi.com/datails?id=com.liuniukeji.tianyuweishi
学习教育,朴新师生教师版,http://app.mi.com/datails?id=com.pxjy.app.teacher
学习教育,安全教育平台,http://app.mi.com/datails?id=com.jzzs.ParentsHelper
学习教育,会课教师版,http://app.mi.com/datails?id=com.huitong.teacher
学习教育,航天金秋,http://app.mi.com/datails?id=com.wtsoft.htjq
学习教育,小白板,http://app.mi.com/datails?id=com.whiteboard.student
学习教育,小白板,http://app.mi.com/datails?id=com.whiteboard.teacher
学习教育,极课同学,http://app.mi.com/datails?id=com.fclassroom.appstudentclient
学习教育,教师招聘题集,http://app.mi.com/datails?id=com.aiduodou.jiaoshizhaopin
学习教育,乐融融e家,http://app.mi.com/datails?id=com.roong.metlhome
学习教育,教育之弦,http://app.mi.com/datails?id=com.guoyu.jyzx
学习教育,奇妙运动日,http://app.mi.com/datails?id=com.sinyee.babybus.sport
学习教育,小伴龙拼音,http://app.mi.com/datails?id=com.youban.xblpy
学习教育,私课一对一,http://app.mi.com/datails?id=com.eon.vt.skzg
学习教育,药剂士总题库,http://app.mi.com/datails?id=com.zitibaohe.yaoxueyaojishi4
学习教育,全科医学主治医师,http://app.mi.com/datails?id=com.zitibaohe.quankeyixuezhuzhi
学习教育,外科护理总题库,http://app.mi.com/datails?id=com.zitibaohe.huliwaike
学习教育,作业答案帮,http://app.mi.com/datails?id=com.huyu.zybs
时尚购物,实惠喵,http://app.mi.com/datails?id=com.xihu.shihuimiao
时尚购物,赛芙蓉,http://app.mi.com/datails?id=com.tianli.saifurong
时尚购物,潮品羊驼,http://app.mi.com/datails?id=com.alpacacn.yangtuo
时尚购物,折佰汇,http://app.mi.com/datails?id=baihui.com
时尚购物,咖趣,http://app.mi.com/datails?id=com.yunduan.caffeine
时尚购物,壹贸商城,http://app.mi.com/datails?id=com.t1090597184.xyz
时尚购物,一折特卖,http://app.mi.com/datails?id=com.yizhe_temai
时尚购物,舞佰,http://app.mi.com/datails?id=com.szkrkj.appstore
时尚购物,小乘鲜生,http://app.mi.com/datails?id=com.fxtx.xc_mall
时尚购物,XPETS,http://app.mi.com/datails?id=com.hzm.mllb
时尚购物,带动美,http://app.mi.com/datails?id=daidm.daidm
时尚购物,花粉儿,http://app.mi.com/datails?id=com.huapu.huafen
时尚购物,淘一点,http://app.mi.com/datails?id=com.tyd
时尚购物,挣实惠,http://app.mi.com/datails?id=cn.zhengshihui.earnbenefit
时尚购物,小鹿优品,http://app.mi.com/datails?id=cn.goubaoliao.xiaolu
时尚购物,街都,http://app.mi.com/datails?id=com.chuangqi.jiedubuyer
时尚购物,蚂蚁秒购,http://app.mi.com/datails?id=com.antshop
时尚购物,宋宇花城,http://app.mi.com/datails?id=cn.syhh.songyuhuahui
时尚购物,飞鱼日记,http://app.mi.com/datails?id=com.z.flying_fish
时尚购物,糖鹿省钱,http://app.mi.com/datails?id=com.tanglushengqian.app
时尚购物,东方购物,http://app.mi.com/datails?id=com.ocj.oms.mobile
时尚购物,券巴士,http://app.mi.com/datails?id=com.drd.quanbashi
时尚购物,城食点,http://app.mi.com/datails?id=com.junyi.csdstore
时尚购物,好物好价,http://app.mi.com/datails?id=com.doulu.niceprice.android
时尚购物,小红马,http://app.mi.com/datails?id=com.xiaohma.ccb
时尚购物,天下名品,http://app.mi.com/datails?id=cn.com.txmp
时尚购物,一方淘,http://app.mi.com/datails?id=com.yifangtao.app
时尚购物,毒,http://app.mi.com/datails?id=com.shizhuang.duapp
时尚购物,卖帮帮,http://app.mi.com/datails?id=com.maibangbang.app
时尚购物,团友商城,http://app.mi.com/datails?id=com.tuanyou.app
效率办公,来肯云商,http://app.mi.com/datails?id=com.lk361.ErpAppStone
效率办公,邻里驿站,http://app.mi.com/datails?id=com.best.android.lqstation
效率办公,云小批,http://app.mi.com/datails?id=com.laiken.simpleerp
效率办公,Forest,http://app.mi.com/datails?id=cc.forestapp
效率办公,税宝,http://app.mi.com/datails?id=com.paat.shuibao
效率办公,曲奇云盘,http://app.mi.com/datails?id=com.quqi.quqioffice
效率办公,乐电智维,http://app.mi.com/datails?id=farwalker.ledian
效率办公,商标进度查询,http://app.mi.com/datails?id=com.looktm.trademark
效率办公,金牛运维,http://app.mi.com/datails?id=cn.jkjn.app
效率办公,秒记记事,http://app.mi.com/datails?id=com.miaoji.memo
效率办公,环球生意通,http://app.mi.com/datails?id=com.globalsources.android.gssupplier
效率办公,河北京石高速,http://app.mi.com/datails?id=com.shangyuan.jingshi
效率办公,鱼儿乐,http://app.mi.com/datails?id=com.luhui.multiuseryu2le
效率办公,移动云坐席,http://app.mi.com/datails?id=com.bjzs.ccasst
效率办公,全城淘,http://app.mi.com/datails?id=com.qct.erp
效率办公,医蟹,http://app.mi.com/datails?id=io.com.YXApp
效率办公,找客源,http://app.mi.com/datails?id=com.yanshixin.zky
效率办公,KindleLaw企业版,http://app.mi.com/datails?id=com.sougukj.CoKindleLawNative
效率办公,趣道掌柜,http://app.mi.com/datails?id=com.qudaox.guanjia
效率办公,恒生投研,http://app.mi.com/datails?id=com.hundsun.light.irp
效率办公,电销助手速拨,http://app.mi.com/datails?id=com.app.quickdial
效率办公,米创360,http://app.mi.com/datails?id=com.ruanmeng.hrzy360
效率办公,建设云,http://app.mi.com/datails?id=com.leading.cloud
效率办公,轻课表,http://app.mi.com/datails?id=com.ruby.timetable
效率办公,项目工场,http://app.mi.com/datails?id=com.pemv2
效率办公,OfficeSuite,http://app.mi.com/datails?id=com.mobisystems.office
效率办公,车秒送司机端,http://app.mi.com/datails?id=com.chehang168.logisticssj
效率办公,番茄ToDo,http://app.mi.com/datails?id=com.plan.kot32.tomatotime
效率办公,一起来往,http://app.mi.com/datails?id=com.yiqilaiwang
效率办公,满班,http://app.mi.com/datails?id=com.txy.manban
效率办公,国烨交易,http://app.mi.com/datails?id=io.dcloud.H5E57FFB0
效率办公,互助文档,http://app.mi.com/datails?id=com.v.zy
效率办公,江苏市场监管,http://app.mi.com/datails?id=cn.gov.jsgsj.portal
效率办公,易施易工,http://app.mi.com/datails?id=com.shangchuang.yishigong
效率办公,寓小二,http://app.mi.com/datails?id=com.yuxiaor
效率办公,快启CRM,http://app.mi.com/datails?id=com.loyo.oa.v2
效率办公,金牡丹Pro,http://app.mi.com/datails?id=cn.goutoujinfu.pos
效率办公,同城招聘,http://app.mi.com/datails?id=in.weilai
效率办公,哗啦啦门店宝V2,http://app.mi.com/datails?id=com.hualala.supplychain.mendianbao.shop
效率办公,小小办公,http://app.mi.com/datails?id=com.newlixon.nlxoa
效率办公,Power BI,http://app.mi.com/datails?id=com.microsoft.powerbim
效率办公,智店通,http://app.mi.com/datails?id=cn.api.gjhealth.cstore
效率办公,哗啦啦门店宝,http://app.mi.com/datails?id=com.hualala.supplychain.mendianbao
效率办公,一掌控,http://app.mi.com/datails?id=com.onekeysolution.app
效率办公,天眼查企业查询,http://app.mi.com/datails?id=com.tianyancha.skyeye
效率办公,TeamKit,http://app.mi.com/datails?id=com.bitkinetic.teamkit
效率办公,Perfect Viewer,http://app.mi.com/datails?id=com.rookiestudio.perfectviewer
效率办公,中化e动力,http://app.mi.com/datails?id=org.zywx.wbpalmstar.widgetone.Sinochem.ZHJT.EBS.PROD
效率办公,生意助理,http://app.mi.com/datails?id=com.ccb.cerp
效率办公,事事明,http://app.mi.com/datails?id=com.eblog
效率办公,车赢宝,http://app.mi.com/datails?id=com.kqqcgroup.kqservicecar
效率办公,康桥爱车会,http://app.mi.com/datails?id=com.kqqcgroup.kqclientcar
效率办公,二维火收银,http://app.mi.com/datails?id=com.zmsoft.ccd
效率办公,云掌柜,http://app.mi.com/datails?id=com.inn
效率办公,健康路径老师端,http://app.mi.com/datails?id=com.hinetclouds.jkljteacher
效率办公,商户二手物品登记,http://app.mi.com/datails?id=cn.htwl.merchant
效率办公,12366纳税服务,http://app.mi.com/datails?id=com.zrar.nsfw12366
效率办公,好生意商户版,http://app.mi.com/datails?id=com.yeahka.goodbusiness
效率办公,Co-op,http://app.mi.com/datails?id=com.coop.android
效率办公,乐商圈,http://app.mi.com/datails?id=com.yeahka.happybusiness
学习教育,圆桌课,http://app.mi.com/datails?id=mobi.yuanzhuo.android
学习教育,羊驼PTE,http://app.mi.com/datails?id=com.ytedu.client
学习教育,芝麻单词,http://app.mi.com/datails?id=com.earku.main
学习教育,GogoTalk少儿英语,http://app.mi.com/datails?id=com.gogotalk.system
学习教育,作业帮答案,http://app.mi.com/datails?id=com.zhuifeng.zybda
学习教育,混沌大学,http://app.mi.com/datails?id=com.hundun.yanxishe
学习教育,一级造价师考题集,http://app.mi.com/datails?id=info.bmstore.yjzjgcs
学习教育,趣课多,http://app.mi.com/datails?id=qingclass.qukeduo.app
学习教育,司机讲堂,http://app.mi.com/datails?id=com.mtzj.xbljkhw
学习教育,麦吉方舟,http://app.mi.com/datails?id=com.arkofmagi.student
学习教育,小麦助教,http://app.mi.com/datails?id=com.jiejing.xmkt.inst
学习教育,画图,http://app.mi.com/datails?id=com.syhd.huahua
学习教育,粉笔,http://app.mi.com/datails?id=com.fenbi.android.servant
学习教育,美洲虎英语,http://app.mi.com/datails?id=cn.cameltec.tiger
学习教育,洛基听枣,http://app.mi.com/datails?id=com.rocky.training
学习教育,作业互助组,http://app.mi.com/datails?id=com.z.hhwk
学习教育,北京四中网校,http://app.mi.com/datails?id=com.etiantian.online.wangxiao
学习教育,考拉阅读,http://app.mi.com/datails?id=com.koalareading.koalareading
学习教育,画啦啦VIP课堂,http://app.mi.com/datails?id=com.i61.draw.live
学习教育,e会学,http://app.mi.com/datails?id=com.yamooc.app
学习教育,武农商党建,http://app.mi.com/datails?id=com.dangjian.whnsh
学习教育,RoboMaster,http://app.mi.com/datails?id=com.dji.robomaster
学习教育,云朵课堂,http://app.mi.com/datails?id=com.yuxin.yunduoketang
学习教育,多多糖果屋,http://app.mi.com/datails?id=com.duoduo.games.candyroom
学习教育,海外名校课堂,http://app.mi.com/datails?id=com.sunlands.mba.intl
学习教育,本科来了,http://app.mi.com/datails?id=com.bachelor.comes
学习教育,多多美食街,http://app.mi.com/datails?id=com.duoduo.games.ddfood
学习教育,多多海洋动物,http://app.mi.com/datails?id=com.duoduo.games.seaanimalnew
学习教育,古古识字,http://app.mi.com/datails?id=com.Playtime.CC0107
学习教育,直播云,http://app.mi.com/datails?id=com.weclassroom.fcclassroomapp
居家生活,重庆市政府,http://app.mi.com/datails?id=com.cq.government
居家生活,天鹅行,http://app.mi.com/datails?id=com.jqte.jqteuser
居家生活,车e站,http://app.mi.com/datails?id=com.md.cheyizhan
居家生活,烘焙帮,http://app.mi.com/datails?id=com.hongbeibang.app
居家生活,欢乐赚,http://app.mi.com/datails?id=com.cmcm.happyearn
居家生活,票神电影,http://app.mi.com/datails?id=com.piaoshen.ticket
居家生活,红星美凯龙,http://app.mi.com/datails?id=com.redstar.mainapp
居家生活,和家亲,http://app.mi.com/datails?id=com.cmri.universalapp
居家生活,创汇国际,http://app.mi.com/datails?id=io.dcloud.H59C45C51
居家生活,智惠管家,http://app.mi.com/datails?id=com.dj.xny
居家生活,浅评商户版,http://app.mi.com/datails?id=com.lmt.shop
居家生活,家服e,http://app.mi.com/datails?id=com.bm001.jfebaba
居家生活,客米维修,http://app.mi.com/datails?id=lxkj.com.zhuangxiu
居家生活,省油吧,http://app.mi.com/datails?id=com.hzsyb.v1
居家生活,幸福江阴,http://app.mi.com/datails?id=com.xtwl.jy.client.main
居家生活,掌上电力,http://app.mi.com/datails?id=com.sgcc.cs
居家生活,房产在线,http://app.mi.com/datails?id=home.onfun.onfun2019
居家生活,约租,http://app.mi.com/datails?id=com.yichao.yuezu
居家生活,礼成-婚礼请柬,http://app.mi.com/datails?id=com.halobear.wedqq
居家生活,浦惠到家,http://app.mi.com/datails?id=com.baoli.blzj
居家生活,超盟餐饮,http://app.mi.com/datails?id=com.chaomeng.cmrepast
居家生活,日历黄历天气管家,http://app.mi.com/datails?id=com.ldd.calendar
居家生活,一家之煮,http://app.mi.com/datails?id=com.f1826040292.wid
居家生活,招标易-采购,http://app.mi.com/datails?id=com.hengshuokeji.zhaobiaoyi
居家生活,住这儿,http://app.mi.com/datails?id=com.vanke.activity
居家生活,创业开店宝,http://app.mi.com/datails?id=cn.com.jmwjiaoyu.m
居家生活,秒卖房经纪人,http://app.mi.com/datails?id=com.mmf.agent
居家生活,工友帮,http://app.mi.com/datails?id=com.yongdou.workmate
居家生活,多尼斯,http://app.mi.com/datails?id=com.dogness.platform
居家生活,爱抢购,http://app.mi.com/datails?id=com.iqianggou.android
时尚购物,好省吖,http://app.mi.com/datails?id=com.xg.jx9k9
时尚购物,折800,http://app.mi.com/datails?id=com.tuan800.tao800
时尚购物,嬉客,http://app.mi.com/datails?id=com.xike.app
时尚购物,玩物得志,http://app.mi.com/datails?id=com.zdwh.wwdz
时尚购物,黑凤梨,http://app.mi.com/datails?id=com.sixyen.heifengli
时尚购物,豌豆公主,http://app.mi.com/datails?id=com.wonderfull.mobileshop
时尚购物,住世界,http://app.mi.com/datails?id=com.qhwl.zhuall
时尚购物,叮咚快买,http://app.mi.com/datails?id=com.dingdongkuaimai.plus
时尚购物,公销社,http://app.mi.com/datails?id=com.panshi.gxs
时尚购物,太阳买车,http://app.mi.com/datails?id=com.chisalsoft.suncar
时尚购物,优友宝商户版,http://app.mi.com/datails?id=com.hiwan.usb
时尚购物,达人店,http://app.mi.com/datails?id=com.showjoy.shop
时尚购物,SoulSense,http://app.mi.com/datails?id=com.android.soulsense
时尚购物,机汇,http://app.mi.com/datails?id=com.heiniao.shopapp
时尚购物,乐小转,http://app.mi.com/datails?id=com.hongkzh.www
时尚购物,白菜优惠券,http://app.mi.com/datails?id=com.lf.coupon
时尚购物,鹦鹉街,http://app.mi.com/datails?id=com.hzgxr.mengyang
时尚购物,达令家,http://app.mi.com/datails?id=com.dalingjia.shop
时尚购物,花生部落,http://app.mi.com/datails?id=io.dcloud.H59BB7739
时尚购物,茶悦,http://app.mi.com/datails?id=com.teayork.word
时尚购物,快讯商城,http://app.mi.com/datails?id=com.shangchen.fjkx
时尚购物,一米市集,http://app.mi.com/datails?id=com.yimishiji.app
时尚购物,iBuyBuy,http://app.mi.com/datails?id=com.aqhg.daigou
时尚购物,米粒生活,http://app.mi.com/datails?id=com.vxiaoke.ricelife.app
时尚购物,请贝,http://app.mi.com/datails?id=app.laidianyi.senma
时尚购物,小兔买菜,http://app.mi.com/datails?id=com.cxt.bunnymaicai
时尚购物,秒好货,http://app.mi.com/datails?id=com.lizi.miaohaohuo
时尚购物,代理熊,http://app.mi.com/datails?id=com.luwei.agentbear
时尚购物,小米省钱购,http://app.mi.com/datails?id=com.xiaomi.o2o
时尚购物,蜜喵选,http://app.mi.com/datails?id=com.mi.miao
旅行交通,云能行约车车主,http://app.mi.com/datails?id=cn.ptaxi.ynx.master
旅行交通,乡聚派,http://app.mi.com/datails?id=com.hnyx.xjpai
旅行交通,惠优卡-加油6折,http://app.mi.com/datails?id=com.hyp.hyk
旅行交通,智华泊位,http://app.mi.com/datails?id=com.jiting.park
旅行交通,猪猪出行,http://app.mi.com/datails?id=com.qnche.zhuzhu.passenger
旅行交通,华住会-酒店预订,http://app.mi.com/datails?id=com.htinns
旅行交通,买车宝典-汽车报价,http://app.mi.com/datails?id=com.baojiazhijia.qichebaojia
旅行交通,街景图,http://app.mi.com/datails?id=net.cnmaps.streetview
旅行交通,快运滴司机,http://app.mi.com/datails?id=com.up.carowner
旅行交通,永安行,http://app.mi.com/datails?id=com.ibike.publicbicycle.activity
旅行交通,途风旅游,http://app.mi.com/datails?id=com.toursforfun.webapp
旅行交通,好空出行-顺风车,http://app.mi.com/datails?id=com.king.howspace
旅行交通,公务之家,http://app.mi.com/datails?id=com.tmc.chailvtong
旅行交通,世界之眼,http://app.mi.com/datails?id=com.teotw
旅行交通,阳光出行-车主端,http://app.mi.com/datails?id=com.jryg.driver
旅行交通,畅的充电,http://app.mi.com/datails?id=com.happyev.charger
旅行交通,货运宝司机端,http://app.mi.com/datails?id=zhidanhyb.siji
旅行交通,小Q眼镜,http://app.mi.com/datails?id=com.lenwotion.labrador.user
旅行交通,优e司机,http://app.mi.com/datails?id=com.driver.youe
旅行交通,分贝通,http://app.mi.com/datails?id=com.finhub.fenbeitong
旅行交通,lyf by Ascott,http://app.mi.com/datails?id=com.theascott.lyf
旅行交通,斑马信用,http://app.mi.com/datails?id=com.hikcreate.elecdrivlic
旅行交通,馿游,http://app.mi.com/datails?id=com.lvyou.framework.myapplication
旅行交通,深航商旅,http://app.mi.com/datails?id=cn.vetech.vip.ui.shgm
旅行交通,深驾服务平台,http://app.mi.com/datails?id=com.shenjia.serve
旅行交通,响车车,http://app.mi.com/datails?id=com.hangar.xxzc
旅行交通,稀饭旅行,http://app.mi.com/datails?id=com.zmcs.tourscool
旅行交通,维也纳酒店,http://app.mi.com/datails?id=com.wyn88.android.view
旅行交通,车来出行,http://app.mi.com/datails?id=com.chelai.travel
旅行交通,快狗打车车主,http://app.mi.com/datails?id=com.cxyw.suyun.ui
旅行交通,马踏飞燕,http://app.mi.com/datails?id=com.upintech.silknets
旅行交通,襄阳停车,http://app.mi.com/datails?id=com.ecaray.epark.xiangyang
旅行交通,车米会,http://app.mi.com/datails?id=com.chemihui.gochemi
旅行交通,火星路线-户外助手,http://app.mi.com/datails?id=cn.mucang.android.voyager
旅行交通,7MA出行,http://app.mi.com/datails?id=cn.qimate.bike
旅行交通,肆乘肆,http://app.mi.com/datails?id=scs.com.crosscountry
旅行交通,十方旅居,http://app.mi.com/datails?id=com.seefun.app
旅行交通,合肥通,http://app.mi.com/datails?id=cn.com.whty.hfcard
旅行交通,日租房客栈-民宿,http://app.mi.com/datails?id=com.iue.fk054
旅行交通,全国违章查询助手,http://app.mi.com/datails?id=kaiqi.wzcxzs
旅行交通,云南高速通,http://app.mi.com/datails?id=com.uroad.yunnangst
旅行交通,小熊油耗,http://app.mi.com/datails?id=com.firebear.androil
旅行交通,赞途,http://app.mi.com/datails?id=co.ryit
旅行交通,户外汇,http://app.mi.com/datails?id=io.dcloud.h599e4456app
旅行交通,铁友火车票12306抢票,http://app.mi.com/datails?id=com.tieyou.train.ark
旅行交通,飓风出行,http://app.mi.com/datails?id=com.jufcx.hurricane
旅行交通,彩虹巴士司机端,http://app.mi.com/datails?id=com.rainbowbus.driver
旅行交通,手机号定位追踪,http://app.mi.com/datails?id=com.zhoul.dingwei
旅行交通,桔子短租住宿-民宿,http://app.mi.com/datails?id=com.iue.fk052
旅行交通,两步路户外助手,http://app.mi.com/datails?id=com.lolaage.tbulu.tools
旅行交通,自由司机,http://app.mi.com/datails?id=com.ziyouche.driver
旅行交通,小白出行,http://app.mi.com/datails?id=xiaobai.com.customer
旅行交通,艺龙旅行-机票酒店,http://app.mi.com/datails?id=com.dp.android.elong
旅行交通,奉化文旅云,http://app.mi.com/datails?id=com.fenghuayun.mm
旅行交通,趣里程,http://app.mi.com/datails?id=com.shener.qulicheng
旅行交通,百跑管车,http://app.mi.com/datails?id=com.qhebusbar.nbp
旅行交通,玩车教授,http://app.mi.com/datails?id=com.chemm.wcjs
旅行交通,联动云租车,http://app.mi.com/datails?id=com.ldygo.qhzc
旅行交通,6人游,http://app.mi.com/datails?id=com.liurenyou.im
旅行交通,省小二,http://app.mi.com/datails?id=com.sxe.pgb
居家生活,Roborock,http://app.mi.com/datails?id=com.roborock.smart
居家生活,安心宠,http://app.mi.com/datails?id=com.b512316343.fao
居家生活,全国违章查询,http://app.mi.com/datails?id=cn.mucang.xiaomi.android.wz
居家生活,美味不用等,http://app.mi.com/datails?id=com.puscene.client
居家生活,空虾,http://app.mi.com/datails?id=com.daotuo.kongxia
居家生活,淘富顺,http://app.mi.com/datails?id=com.taofushun.users
居家生活,中央天气预报,http://app.mi.com/datails?id=com.nineton.weatherforecast
居家生活,Chope,http://app.mi.com/datails?id=com.chope.gui
居家生活,房计划生活,http://app.mi.com/datails?id=com.tuanzhuanw.life
居家生活,扳手网批,http://app.mi.com/datails?id=com.wxh.wangping
居家生活,惠玩,http://app.mi.com/datails?id=com.nyso.sdplay
居家生活,行知学堂,http://app.mi.com/datails?id=com.cgbapp
居家生活,i-lamp,http://app.mi.com/datails?id=com.chipsguide.app.colorbluetoothlamp.v3.changda
居家生活,零夜房商户端,http://app.mi.com/datails?id=com.shanchuang.zeronightshop
居家生活,雇呗-阿姨端,http://app.mi.com/datails?id=com.gubei51.worker
居家生活,Moonlight,http://app.mi.com/datails?id=com.limelight
居家生活,掌上用电,http://app.mi.com/datails?id=cn.jalasmart.com.myapplication
居家生活,597企业版,http://app.mi.com/datails?id=com.rcw597.app
居家生活,幸福凯里,http://app.mi.com/datails?id=com.kaili.users
居家生活,气象后勤,http://app.mi.com/datails?id=com.bitech.bjcmapark
居家生活,平安社区,http://app.mi.com/datails?id=com.us150804.youlife
居家生活,既康,http://app.mi.com/datails?id=com.ztyijia.shop_online
居家生活,点我开化,http://app.mi.com/datails?id=com.xunjoy.lewaimai.user.consumer.dianwokaihua
居家生活,在长垣,http://app.mi.com/datails?id=net.duohuo.magapp.zcy
居家生活,印象管家,http://app.mi.com/datails?id=com.linkstar.app.yxgjuser
居家生活,印象管家商家端,http://app.mi.com/datails?id=com.linkstar.app.yxgjshop
居家生活,未来方周,http://app.mi.com/datails?id=com.sxwl.futurearkpersonal
居家生活,多多咨询,http://app.mi.com/datails?id=com.cainiu.consultonline
居家生活,慧济生活,http://app.mi.com/datails?id=com.JiningBank.SmartLife
居家生活,易好房经纪,http://app.mi.com/datails?id=cn.xtco.yihaofang
摄影摄像,慢拍相册,http://app.mi.com/datails?id=com.d1245975477.mwd
摄影摄像,B612咔叽,http://app.mi.com/datails?id=com.campmobile.snowcamera
摄影摄像,VN,http://app.mi.com/datails?id=com.frontrow.vlog
摄影摄像,照片拼图,http://app.mi.com/datails?id=com.wfhappyi.pintu
摄影摄像,发型屋,http://app.mi.com/datails?id=com.jm.fxw
摄影摄像,印记工坊,http://app.mi.com/datails?id=air.ppmakeapp
摄影摄像,动漫壁纸,http://app.mi.com/datails?id=com.example.administrator.picturesearch
摄影摄像,快手极速版,http://app.mi.com/datails?id=com.kuaishou.nebula
摄影摄像,智能证件照制作,http://app.mi.com/datails?id=com.lixiangdong.idphotomaker
摄影摄像,证件照专业版APP,http://app.mi.com/datails?id=com.bestbeauty.myphoto
摄影摄像,PS图片文字长图拼图,http://app.mi.com/datails?id=com.yilesoft.app.picaddtext
摄影摄像,Capture2,http://app.mi.com/datails?id=com.dy.capture
摄影摄像,美甲涂涂,http://app.mi.com/datails?id=com.anjounail.app
摄影摄像,美图文字秀秀,http://app.mi.com/datails?id=com.yilesoft.app.beautifulimageshow
摄影摄像,轻颜相机,http://app.mi.com/datails?id=com.gorgeous.lite
摄影摄像,八角星视频制作,http://app.mi.com/datails?id=cn.com.wanyueliang.tomato
摄影摄像,Coveer,http://app.mi.com/datails?id=com.feike.coveer
摄影摄像,美图贴贴,http://app.mi.com/datails?id=com.mt.mttt
摄影摄像,唯赛,http://app.mi.com/datails?id=com.vs.vipsai
摄影摄像,小棠菜相册,http://app.mi.com/datails?id=com.viewspeaker.photo
摄影摄像,精选P图社区,http://app.mi.com/datails?id=man.photo.editor.beardhaistyle
摄影摄像,和家相册,http://app.mi.com/datails?id=com.chinamobile.mcloudmobile2.album
摄影摄像,乐秀视频剪辑美化,http://app.mi.com/datails?id=com.dspajj.bjq
摄影摄像,快剪视频编辑,http://app.mi.com/datails?id=com.kuaijian.cliped
摄影摄像,美颜水印相机,http://app.mi.com/datails?id=com.thundersoft.hq.selfportrait
摄影摄像,骑驴,http://app.mi.com/datails?id=com.iqilv.qilv
摄影摄像,NOMO,http://app.mi.com/datails?id=com.blink.academy.nomo
摄影摄像,小情书,http://app.mi.com/datails?id=com.chuye.xiaoqingshu
摄影摄像,栗子摄影,http://app.mi.com/datails?id=com.gaozhimage.lizi
摄影摄像,一闪,http://app.mi.com/datails?id=com.blink.academy.onetake
医疗健康,Honey经期助手-例假,http://app.mi.com/datails?id=com.aqimp.zh1.y8fwd
医疗健康,大家中医,http://app.mi.com/datails?id=com.dajiazhongyi.dajia
医疗健康,金姆健康,http://app.mi.com/datails?id=com.jinmu.healthdlb
医疗健康,知药客,http://app.mi.com/datails?id=com.guya.yddrug
医疗健康,菲菲经期助手-大姨妈,http://app.mi.com/datails?id=com.jqglgj.snf.bhly
医疗健康,康之家大药房,http://app.mi.com/datails?id=com.kzj.mall
医疗健康,商赢互联网医院,http://app.mi.com/datails?id=com.syhospital.patient
医疗健康,优家康,http://app.mi.com/datails?id=com.dikxia.shanshanpendi
医疗健康,养森,http://app.mi.com/datails?id=io.dcloud.H54305372
医疗健康,好脉健康,http://app.mi.com/datails?id=com.jixiang.haomai
医疗健康,健康导航,http://app.mi.com/datails?id=com.easygroup.ngaripatient
医疗健康,朵尔监护,http://app.mi.com/datails?id=com.junmo.drmtx
医疗健康,健康上海,http://app.mi.com/datails?id=com.wondersgroup.healthsh
医疗健康,金医宝,http://app.mi.com/datails?id=com.yinhai.syAPP
医疗健康,家庭好医生,http://app.mi.com/datails?id=com.hhmedic.app.doctor
医疗健康,解忧暖心喵,http://app.mi.com/datails?id=com.feixiaofan
医疗健康,科瑞泰Q医,http://app.mi.com/datails?id=com.careate.qyi
医疗健康,居民健康,http://app.mi.com/datails?id=com.jkx4rh.client
医疗健康,护加,http://app.mi.com/datails?id=com.xikang.hujia
医疗健康,熙心养护,http://app.mi.com/datails?id=com.xikang.nursingstation
医疗健康,中科名兽医,http://app.mi.com/datails?id=com.sslab.zkjy
医疗健康,云医慧,http://app.mi.com/datails?id=com.camicrosurgeon.yyh
医疗健康,好大夫医生版,http://app.mi.com/datails?id=com.haodf.android.doctor
医疗健康,好大夫在线,http://app.mi.com/datails?id=com.haodf.android
医疗健康,医加加,http://app.mi.com/datails?id=com.hospital.civil
医疗健康,京东方医院,http://app.mi.com/datails?id=com.boe.ohealth
医疗健康,医和你约名医,http://app.mi.com/datails?id=com.yiheni.msop.general
医疗健康,医和你医小助,http://app.mi.com/datails?id=com.yiheni.msop.assistant
医疗健康,医和你医生版,http://app.mi.com/datails?id=com.yiheni.msop.medic
医疗健康,更美,http://app.mi.com/datails?id=com.wanmeizhensuo.zhensuo
摄影摄像,抖抖动态壁纸,http://app.mi.com/datails?id=com.dydt.wallpaper
摄影摄像,智能证件照,http://app.mi.com/datails?id=com.leqi.idpicture
摄影摄像,长图拼接制作,http://app.mi.com/datails?id=com.xiaoya.longposter
摄影摄像,幻拍,http://app.mi.com/datails?id=com.smax.magicphoto
摄影摄像,视频剪辑助手,http://app.mi.com/datails?id=com.smallyin.vedioedit
摄影摄像,视频编辑宝,http://app.mi.com/datails?id=app.spbjb.cn
摄影摄像,指尖绘图,http://app.mi.com/datails?id=com.mosc.apalon.mandala.coloring
摄影摄像,稿定设计(天天向商),http://app.mi.com/datails?id=com.hlg.daydaytobusiness
摄影摄像,美易修图P图编辑,http://app.mi.com/datails?id=com.qew.photo.pro
摄影摄像,泼辣修图,http://app.mi.com/datails?id=photo.editor.polarr
摄影摄像,快手,http://app.mi.com/datails?id=com.smile.gifmaker
摄影摄像,爱剪辑,http://app.mi.com/datails?id=com.shineyie.aijianji
摄影摄像,隐私加密相册,http://app.mi.com/datails?id=me.lovewith.album
摄影摄像,巨量创意,http://app.mi.com/datails?id=com.bytedance.ad.videotool
摄影摄像,嗨来电秀,http://app.mi.com/datails?id=color.phone.led.flash.call.screen
摄影摄像,最美证件照制作,http://app.mi.com/datails?id=com.leqi.zuimeiphoto
摄影摄像,萌面水印,http://app.mi.com/datails?id=com.nbt.mmsy
摄影摄像,Canva,http://app.mi.com/datails?id=cn.canva.editor
摄影摄像,DEPMEMO 深回忆,http://app.mi.com/datails?id=com.ymar.ym
摄影摄像,柚次元,http://app.mi.com/datails?id=com.facetech.yourking
摄影摄像,潮自拍,http://app.mi.com/datails?id=com.meitu.wheecam
摄影摄像,至美证件照,http://app.mi.com/datails?id=com.gemaodian.idphoto
摄影摄像,视频去水印大师,http://app.mi.com/datails?id=com.zckj.spqsy
摄影摄像,小精灵美化,http://app.mi.com/datails?id=com.android.nineton.elfinapp
摄影摄像,卡点视频编辑,http://app.mi.com/datails?id=com.easyfun.kadian
摄影摄像,你我当年,http://app.mi.com/datails?id=com.bigwinepot.nwdn
摄影摄像,颜聊,http://app.mi.com/datails?id=com.VideoCall.GuangShu
摄影摄像,雅姿魔镜,http://app.mi.com/datails?id=com.perfectcorp.amb
摄影摄像,趣制作-特效视频,http://app.mi.com/datails?id=com.zsyj.videomake
摄影摄像,最美壁纸,http://app.mi.com/datails?id=com.lqh.beauty.wallpaper
体育运动,牛啦,http://app.mi.com/datails?id=com.yesfeeling.niulangsport
体育运动,动动体育,http://app.mi.com/datails?id=com.dongdong.technology
体育运动,我家瑜伽,http://app.mi.com/datails?id=cn.org.rar.iwantyoga
体育运动,绿茵岁月,http://app.mi.com/datails?id=com.wmj.myfootball
体育运动,乐走计步赚钱,http://app.mi.com/datails?id=com.lezou51.app
体育运动,乐鱼体育,http://app.mi.com/datails?id=leyuty.com.leray
体育运动,我奥篮球,http://app.mi.com/datails?id=net.woaoo
体育运动,趣练舞,http://app.mi.com/datails?id=com.fundance.student
体育运动,NOERDEN,http://app.mi.com/datails?id=cn.noerdenfit.life
体育运动,乐刻运动,http://app.mi.com/datails?id=com.leoao.fitness
体育运动,型动汇,http://app.mi.com/datails?id=com.sportstar.xingdong
体育运动,步步挣,http://app.mi.com/datails?id=com.ww.bubuzheng
体育运动,一起吗,http://app.mi.com/datails?id=com.kaisa.yql
体育运动,乐轻,http://app.mi.com/datails?id=com.vtrump.qingqing
体育运动,EufyLife,http://app.mi.com/datails?id=com.oceanwing.smarthome
体育运动,如初康复,http://app.mi.com/datails?id=com.jkpg.ruchu
体育运动,RunStep,http://app.mi.com/datails?id=com.odun.odunRunning
体育运动,动宝足球,http://app.mi.com/datails?id=com.oeadd.dongbaofb
体育运动,RaceFitPro,http://app.mi.com/datails?id=com.example.bozhilun.android
体育运动,减约,http://app.mi.com/datails?id=com.health.fatfighter
体育运动,健康辽宁,http://app.mi.com/datails?id=com.lncdc.jkln
体育运动,1Coach智能教练,http://app.mi.com/datails?id=com.sensfusion.mcmarathon
体育运动,XGB羽毛球,http://app.mi.com/datails?id=com.xgbsports.badminton
体育运动,纯氧健身,http://app.mi.com/datails?id=com.wenqi.gym
体育运动,DuoWear,http://app.mi.com/datails?id=com.mindorks.framework.mvp.gongban
体育运动,宥马运动,http://app.mi.com/datails?id=android.youma.com
体育运动,Keep,http://app.mi.com/datails?id=com.gotokeep.keep
体育运动,懂徒帝,http://app.mi.com/datails?id=com.guishang.dongtudi
体育运动,网球班,http://app.mi.com/datails?id=com.daikting.tennis
体育运动,雷速体育,http://app.mi.com/datails?id=com.leisu.sports
医疗健康,朵尔生活,http://app.mi.com/datails?id=com.junmo.drm
医疗健康,抗艾卫士,http://app.mi.com/datails?id=com.top.antihiv
医疗健康,神奇脑波,http://app.mi.com/datails?id=imoblife.brainwavestus
医疗健康,肝胆相照专家版,http://app.mi.com/datails?id=cn.shangyu.gdxzExpert
医疗健康,考拉医美,http://app.mi.com/datails?id=com.t610941067.rkw
医疗健康,好轻,http://app.mi.com/datails?id=com.yunmai.scale
医疗健康,小怪兽,http://app.mi.com/datails?id=com.sistalk.misio
医疗健康,春雨诊所,http://app.mi.com/datails?id=me.chunyu.ChunyuDoctorClient
医疗健康,医德帮,http://app.mi.com/datails?id=com.mingyzh.yyf
医疗健康,中医在线,http://app.mi.com/datails?id=com.tcmopen.tcmmooc
医疗健康,喝水提醒,http://app.mi.com/datails?id=com.slfteam.qwater
医疗健康,小豆苗,http://app.mi.com/datails?id=com.threegene.yeemiao
医疗健康,护眼宝,http://app.mi.com/datails?id=protect.eye
医疗健康,7动-产后瑜伽运动,http://app.mi.com/datails?id=com.yscoco.floormuscles
医疗健康,优健康,http://app.mi.com/datails?id=com.ihaozhuo.youjiankang
医疗健康,肝胆相照,http://app.mi.com/datails?id=cn.shangyu.gdxzPatient
医疗健康,北京军海癫痫病医院,http://app.mi.com/datails?id=com.hxyt.bjjhdxbyy
医疗健康,药房网商城医药店,http://app.mi.com/datails?id=com.yaofangwang.mall
医疗健康,新特药,http://app.mi.com/datails?id=com.sunking.medical
医疗健康,邻客医生,http://app.mi.com/datails?id=com.linkdoc
医疗健康,在乎健康专业端,http://app.mi.com/datails?id=com.remind.zaihupro
医疗健康,熊猫儿科医疗,http://app.mi.com/datails?id=com.pandadoctor.pedidoc
医疗健康,养生宝,http://app.mi.com/datails?id=cn.banshenggua.ysb
医疗健康,健康甘肃,http://app.mi.com/datails?id=com.gsww.gsrhc.jkgs
医疗健康,美秀秀,http://app.mi.com/datails?id=com.biniu.meixiuxiu
医疗健康,妙手医生版,http://app.mi.com/datails?id=com.yuanxin.perfectdoctor
医疗健康,健康160,http://app.mi.com/datails?id=cn.kidyn.qdmedical160
医疗健康,E-RUNNING,http://app.mi.com/datails?id=com.zhongyang.ttpaobu
医疗健康,眉山医药,http://app.mi.com/datails?id=mssyy.com
医疗健康,健康成都,http://app.mi.com/datails?id=com.kingtom.cdhealth
新闻资讯,懂车帝,http://app.mi.com/datails?id=com.ss.android.auto
新闻资讯,少年与你,http://app.mi.com/datails?id=com.tag.doujiang
新闻资讯,环保宝,http://app.mi.com/datails?id=com.huanbb.app
新闻资讯,众看头条,http://app.mi.com/datails?id=com.zkzx.code
新闻资讯,有看头-热点新闻,http://app.mi.com/datails?id=com.kuaima.kuailai
新闻资讯,汽车之家,http://app.mi.com/datails?id=com.cubic.autohome
新闻资讯,丰瑞农,http://app.mi.com/datails?id=com.frnnet.FengRuiNong
新闻资讯,一点资讯,http://app.mi.com/datails?id=com.hipu.yidian
新闻资讯,淘美妆商友会,http://app.mi.com/datails?id=com.yifei.ishop
新闻资讯,豫新发布,http://app.mi.com/datails?id=com.dahe.yxfabu
新闻资讯,一点关注,http://app.mi.com/datails?id=cn.clzg.ikm.activity
新闻资讯,区块链资讯,http://app.mi.com/datails?id=com.blockchain.info
新闻资讯,青鸟快讯,http://app.mi.com/datails?id=com.humming.app
新闻资讯,掘金宝,http://app.mi.com/datails?id=com.juejinchain.android
新闻资讯,花生快讯,http://app.mi.com/datails?id=com.shiqu.huasheng
新闻资讯,触电新闻,http://app.mi.com/datails?id=com.touchtv.touchtv
新闻资讯,中国新闻网,http://app.mi.com/datails?id=com.cns.mc.activity
新闻资讯,紫牛新闻,http://app.mi.com/datails?id=com.toutiao.yangtse
新闻资讯,懂帝币,http://app.mi.com/datails?id=com.dongbienmpris.cn
新闻资讯,比特币搬砖指南,http://app.mi.com/datails?id=com.qukuailianzhinan.banzhuan
新闻资讯,法制头条,http://app.mi.com/datails?id=com.lanwa.changan
新闻资讯,看厦门,http://app.mi.com/datails?id=com.taihai.app2
新闻资讯,大众冰雪,http://app.mi.com/datails?id=com.isize.ice
新闻资讯,亿粮王,http://app.mi.com/datails?id=com.yiliangwang.jiangyue
新闻资讯,中国青年报,http://app.mi.com/datails?id=com.hzpd.zqzx
新闻资讯,百工驿,http://app.mi.com/datails?id=com.tztech.peer
新闻资讯,橘子淘金,http://app.mi.com/datails?id=com.angjing.weipan
新闻资讯,晨资讯,http://app.mi.com/datails?id=com.huancheng.news
新闻资讯,芒果淘金,http://app.mi.com/datails?id=com.paizhong.manggo
新闻资讯,敦化视界,http://app.mi.com/datails?id=com.hoge.android.app.dunhua
体育运动,松行,http://app.mi.com/datails?id=com.qihang.sports
体育运动,启动,http://app.mi.com/datails?id=com.rsseasy.app.stadiumslease
体育运动,微钓,http://app.mi.com/datails?id=com.waydiao.yuxun
体育运动,JOY篮球,http://app.mi.com/datails?id=com.gengee.JoyBasketball
体育运动,智享瘦,http://app.mi.com/datails?id=lab.wesmartclothing.wefit.flyso
体育运动,湃动PISPORTS,http://app.mi.com/datails?id=com.pisports.freepi
体育运动,乐网网球,http://app.mi.com/datails?id=com.esay.tennis
体育运动,Kismart工作室,http://app.mi.com/datails?id=com.kismartstd.employee
体育运动,UA Run,http://app.mi.com/datails?id=cn.ua.run
体育运动,功夫季,http://app.mi.com/datails?id=com.gongfuji
体育运动,健康传奇,http://app.mi.com/datails?id=com.jkcq.gym.phone
体育运动,微马,http://app.mi.com/datails?id=com.weima.run
体育运动,每日高尔夫,http://app.mi.com/datails?id=cn.golfd.golfdaily
体育运动,羽约运动,http://app.mi.com/datails?id=com.yuyuesports.yuyue.android
体育运动,芊泓健身,http://app.mi.com/datails?id=com.yuqull.qianhong
体育运动,派健康,http://app.mi.com/datails?id=com.lstech.rehealth
体育运动,每日瑜伽,http://app.mi.com/datails?id=com.dailyyoga.cn
体育运动,MORE,http://app.mi.com/datails?id=com.aibs
体育运动,TataPunch智能搏击,http://app.mi.com/datails?id=com.spower.tatapunch
体育运动,今球,http://app.mi.com/datails?id=com.dqx.haoqiu
体育运动,太极功夫,http://app.mi.com/datails?id=com.ms.tjgf
体育运动,老虎教练,http://app.mi.com/datails?id=hk.socap.tigercoach
体育运动,红花亭,http://app.mi.com/datails?id=com.hht.honght
体育运动,检一检,http://app.mi.com/datails?id=com.bozlun.healthday.android
体育运动,金吉鸟健身,http://app.mi.com/datails?id=com.luckybird.sport
体育运动,LAFIE健美主义,http://app.mi.com/datails?id=com.kwck.fitness.jmzy.bodybuild
体育运动,分动,http://app.mi.com/datails?id=com.kct.fundo.btnotification
体育运动,佳速度,http://app.mi.com/datails?id=com.garmin.android.apps.gccm
体育运动,Runtastic跑步,http://app.mi.com/datails?id=com.runtastic.android
体育运动,PP体育,http://app.mi.com/datails?id=com.pplive.androidphone.sport
新闻资讯,诗画开阳,http://app.mi.com/datails?id=net.xinhuamm.d3033
新闻资讯,派币糖果,http://app.mi.com/datails?id=com.paibitangguo.sweet
新闻资讯,宝星环球,http://app.mi.com/datails?id=com.bxhq.btc
新闻资讯,智堡,http://app.mi.com/datails?id=com.wisburg.finance.app
新闻资讯,格隆汇,http://app.mi.com/datails?id=com.gelonghui.glhapp
新闻资讯,废钢网,http://app.mi.com/datails?id=com.feigang.feigangwang
新闻资讯,趣闻看看,http://app.mi.com/datails?id=com.ironman.zzxw
新闻资讯,小葱,http://app.mi.com/datails?id=com.xiaocongapp.chain
新闻资讯,上观新闻,http://app.mi.com/datails?id=com.shwatch.news
新闻资讯,ZAKER新闻,http://app.mi.com/datails?id=com.myzaker.ZAKER_Phone
新闻资讯,IDAX资讯,http://app.mi.com/datails?id=com.shyohan.idaxNews
新闻资讯,定海山,http://app.mi.com/datails?id=com.zjonline.dinghai
新闻资讯,趣新闻,http://app.mi.com/datails?id=com.ys.news
新闻资讯,三峡宜昌,http://app.mi.com/datails?id=gooogle.tian.sanxiayidiantong
新闻资讯,中国上饶县,http://app.mi.com/datails?id=shangraoxian.jxtvcn.jxntv
新闻资讯,有米头条,http://app.mi.com/datails?id=com.zz.ymtt
新闻资讯,北京时间,http://app.mi.com/datails?id=com.btime.bjtime
新闻资讯,想看-头条资讯,http://app.mi.com/datails?id=com.xiangkan.android
新闻资讯,智慧花垣,http://app.mi.com/datails?id=com.tenma.ventures.zhhyvhnhkz
新闻资讯,掌上昌南,http://app.mi.com/datails?id=com.nctvcloud.zscn
新闻资讯,掌上青云谱,http://app.mi.com/datails?id=com.nctvcloud.zsqyp
新闻资讯,掌上青山湖,http://app.mi.com/datails?id=com.nctvcloud.zsqsh
新闻资讯,掌上经开,http://app.mi.com/datails?id=com.nctvcloud.zsjk
新闻资讯,川江号,http://app.mi.com/datails?id=com.app1580.luzhounews
新闻资讯,今日赚-手机赚钱,http://app.mi.com/datails?id=com.im.todayz
新闻资讯,搜狐资讯,http://app.mi.com/datails?id=com.sohu.infonews
新闻资讯,齐鲁工惠,http://app.mi.com/datails?id=com.inspur.vista.labor
新闻资讯,三言,http://app.mi.com/datails?id=com.sylife
新闻资讯,每日经济新闻,http://app.mi.com/datails?id=cn.com.nbd.nbdmobile
新闻资讯,扇贝阅读,http://app.mi.com/datails?id=com.shanbay.news
娱乐消遣,娃娃部落,http://app.mi.com/datails?id=com.loovee.ddleyuan
娱乐消遣,天象,http://app.mi.com/datails?id=com.tx.app.txapp
娱乐消遣,秀秀,http://app.mi.com/datails?id=com.cj.showshow
娱乐消遣,猫语狗语翻译器,http://app.mi.com/datails?id=com.minjiang.funpet
娱乐消遣,魔豆,http://app.mi.com/datails?id=com.bubble.witty
娱乐消遣,口红机,http://app.mi.com/datails?id=com.willapps.zhuazhuawawaji
娱乐消遣,Biu神器,http://app.mi.com/datails?id=com.duowan.bi
娱乐消遣,buglink,http://app.mi.com/datails?id=com.youtocode.buglink
娱乐消遣,numsub,http://app.mi.com/datails?id=com.youtocode.numsub
娱乐消遣,画吧,http://app.mi.com/datails?id=com.haowan.huabar
娱乐消遣,饭糖,http://app.mi.com/datails?id=com.sweetfans.app
娱乐消遣,全球联交易宝,http://app.mi.com/datails?id=com.jetcloud.vr9wallet
娱乐消遣,皮逗视频,http://app.mi.com/datails?id=com.god.pi
娱乐消遣,抖抖赢口红免费版,http://app.mi.com/datails?id=com.suyuemobi.kouhong
娱乐消遣,银赚头条,http://app.mi.com/datails?id=com.meibai.yinzuan
娱乐消遣,可爱抓娃娃,http://app.mi.com/datails?id=com.willapps.zzwwj
娱乐消遣,灵机八字算命,http://app.mi.com/datails?id=oms.mmc.fortunetelling
娱乐消遣,变声器免费版,http://app.mi.com/datails?id=com.tian.voicechangerpro
娱乐消遣,知世,http://app.mi.com/datails?id=com.juger.zs
娱乐消遣,生辰风水,http://app.mi.com/datails?id=com.ysjg.sm.qf
娱乐消遣,迈康专家,http://app.mi.com/datails?id=com.jd.maikangyishengapp
娱乐消遣,PicoPico,http://app.mi.com/datails?id=com.xintiaotime.yoy
娱乐消遣,趣看闻,http://app.mi.com/datails?id=com.qvkanwen.zgzx.zgqvkanwen
娱乐消遣,起名取名字大师,http://app.mi.com/datails?id=com.appoa.qiming
娱乐消遣,伊伊同行,http://app.mi.com/datails?id=com.tengtukeji.yiyi
娱乐消遣,陪你,http://app.mi.com/datails?id=com.im.xhj.android
娱乐消遣,富贵占卜,http://app.mi.com/datails?id=com.zhanbu.fugui
娱乐消遣,逗看,http://app.mi.com/datails?id=com.sycx.xtsj
娱乐消遣,成语接龙,http://app.mi.com/datails?id=com.mali.chengyu.jielong
娱乐消遣,百思不得姐,http://app.mi.com/datails?id=com.budejie.www
娱乐消遣,周公解梦,http://app.mi.com/datails?id=com.xiaodao.jiemeng
娱乐消遣,宠都,http://app.mi.com/datails?id=com.tazi.chongdu
娱乐消遣,balljump,http://app.mi.com/datails?id=com.youtocode.balljump
娱乐消遣,addnumber,http://app.mi.com/datails?id=com.youtocode.addnumber
娱乐消遣,blockmove,http://app.mi.com/datails?id=com.youtocode.blockmove
娱乐消遣,内含段友,http://app.mi.com/datails?id=com.caotu.duanzhi
娱乐消遣,虚贝租号,http://app.mi.com/datails?id=com.xubei.shop
娱乐消遣,皮皮虾,http://app.mi.com/datails?id=com.sup.android.superb
娱乐消遣,8868租号-手游,http://app.mi.com/datails?id=cn.jhw.hwzh
娱乐消遣,Wine,http://app.mi.com/datails?id=com.progimax.wine.free
娱乐消遣,灵猴竞答,http://app.mi.com/datails?id=com.xiaolinghou.monkeyaq
娱乐消遣,变声器,http://app.mi.com/datails?id=com.xinmang.voicechanger
娱乐消遣,花路,http://app.mi.com/datails?id=com.yanzi.hualu
娱乐消遣,特效屏幕,http://app.mi.com/datails?id=com.lightningscreen_flashing
娱乐消遣,歌吧,http://app.mi.com/datails?id=com.uniview.geba.phone
娱乐消遣,十二星座运势配对,http://app.mi.com/datails?id=com.xiaoshuang.xingzuomm
娱乐消遣,风水罗盘,http://app.mi.com/datails?id=com.xiaodao.geocompass
娱乐消遣,灵机真人八字算命,http://app.mi.com/datails?id=com.mmc.linghit
娱乐消遣,魔幻粒子梦幻3D,http://app.mi.com/datails?id=com.hsa.magiclizi
娱乐消遣,神灯,http://app.mi.com/datails?id=com.luo.magiclamp
娱乐消遣,VP电竞,http://app.mi.com/datails?id=com.vpgame.eric
娱乐消遣,熊猫抓抓,http://app.mi.com/datails?id=com.wowgotcha.wawa
娱乐消遣,帮帮测,http://app.mi.com/datails?id=com.bangbangce.mm
娱乐消遣,虚拟试衣间,http://app.mi.com/datails?id=net.yyasp.clothing
娱乐消遣,蝎子在手机爬行,http://app.mi.com/datails?id=com.mandg.funny.scorpion
娱乐消遣,Paintly,http://app.mi.com/datails?id=com.color.by.number.paint.ly.pixel.art.cn
娱乐消遣,成语消消消,http://app.mi.com/datails?id=com.bruce.idiomxxl
娱乐消遣,玄机,http://app.mi.com/datails?id=immortal.lh2424.com.immortal
娱乐消遣,涂色小画家,http://app.mi.com/datails?id=com.xingluo.gncolor
娱乐消遣,集石桌游,http://app.mi.com/datails?id=com.elenut.gstone
金融理财,有贝钱袋,http://app.mi.com/datails?id=com.uubee.ULife
金融理财,点融投资,http://app.mi.com/datails?id=dianrong.com
金融理财,慧投资,http://app.mi.com/datails?id=com.rjhy.superstars
金融理财,金荣中国-贵金属,http://app.mi.com/datails?id=com.jrjr.jrchina
金融理财,合众钱包,http://app.mi.com/datails?id=com.yibao.mobilepay
金融理财,龙分期,http://app.mi.com/datails?id=com.xssd.wfq
金融理财,有信钱包,http://app.mi.com/datails?id=com.yorcard.youxin
金融理财,今日智投,http://app.mi.com/datails?id=com.koudai.jinrizhitou
金融理财,找我借,http://app.mi.com/datails?id=com.taiyan.daichao
金融理财,小赢钱包,http://app.mi.com/datails?id=com.xiaoying.wallet
金融理财,51信用卡管家,http://app.mi.com/datails?id=com.zhangdan.app
金融理财,腾讯理财通,http://app.mi.com/datails?id=com.tencent.fortuneplat
金融理财,Wind金融终端,http://app.mi.com/datails?id=windinfo.android
金融理财,东华乐投,http://app.mi.com/datails?id=com.donghuaqihuo.mhdxh
金融理财,红牛金股,http://app.mi.com/datails?id=com.hnjg
金融理财,期货仿真,http://app.mi.com/datails?id=com.shengwanqihuofz.pbmobile
金融理财,信用管家借钱,http://app.mi.com/datails?id=com.greate.myapplication
金融理财,呱呱财经,http://app.mi.com/datails?id=com.guagua.finance
金融理财,涨乐财富通,http://app.mi.com/datails?id=com.lphtsccft
金融理财,招联金融,http://app.mi.com/datails?id=com.zl.fqbao
金融理财,千周投资,http://app.mi.com/datails?id=com.qianzhouinvest.cn
金融理财,万e贷,http://app.mi.com/datails?id=com.wdjr.loan.wdpheloan
金融理财,新时代证券,http://app.mi.com/datails?id=com.hundsun.stockwinner.xsdzq1
金融理财,分期借钱贷款,http://app.mi.com/datails?id=com.xncredit.fqd
金融理财,熊猫有钱-有钱花,http://app.mi.com/datails?id=com.panda.stages
金融理财,云闪付,http://app.mi.com/datails?id=com.unionpay
金融理财,借钱王借款,http://app.mi.com/datails?id=com.yeer
金融理财,南华期货,http://app.mi.com/datails?id=net.nanhua.app
金融理财,急借钱,http://app.mi.com/datails?id=com.rytad.app.apk.jijieqian
金融理财,发票通,http://app.mi.com/datails?id=com.zrsf.mobileclient
金融理财,中邮钱包,http://app.mi.com/datails?id=com.youcash.ZYWallet
金融理财,壹佰金,http://app.mi.com/datails?id=com.wangjin.yibaijin
金融理财,安信手机证券,http://app.mi.com/datails?id=cn.com.essence.stock
金融理财,钱牛牛,http://app.mi.com/datails?id=com.qsq.qianshengqian
金融理财,无忧卡宝,http://app.mi.com/datails?id=com.credit.card.wykb
金融理财,悟空理财,http://app.mi.com/datails?id=com.wukonglicai.app
金融理财,掌众财富,http://app.mi.com/datails?id=cn.com.wealth365.licai
金融理财,信用星球,http://app.mi.com/datails?id=com.xyxq.xyxq
金融理财,前海人寿,http://app.mi.com/datails?id=com.foreseamall.qhhapp
金融理财,51借款,http://app.mi.com/datails?id=com.uubee.iwant
金融理财,倍有钱,http://app.mi.com/datails?id=com.uubee.beileye
金融理财,融合视讯,http://app.mi.com/datails?id=com.cnivi_app.activity
金融理财,湖州银行移动银行,http://app.mi.com/datails?id=com.csii.huzhou.mobilebank
金融理财,大地时贷,http://app.mi.com/datails?id=com.ccicnet.customer
金融理财,阿拉丁金服,http://app.mi.com/datails?id=com.ald.aldfinance
金融理财,银泰掌易宝,http://app.mi.com/datails?id=com.ytsc
金融理财,小狮贷,http://app.mi.com/datails?id=com.mbr.xiaoshidai
金融理财,惠利理财师,http://app.mi.com/datails?id=com.prolink.prolinkwealth
金融理财,南京银行,http://app.mi.com/datails?id=cn.com.njcb.android.mobilebank
金融理财,东方易赢,http://app.mi.com/datails?id=hk.com.dfzq.dfyy
金融理财,向日葵保险,http://app.mi.com/datails?id=com.xiangrikui.sixapp
金融理财,翼龙贷财富,http://app.mi.com/datails?id=com.eloancn.mclient
金融理财,微贷网,http://app.mi.com/datails?id=com.renrun.aphone.app
金融理财,可乐贷,http://app.mi.com/datails?id=com.zhenzhen.loan
金融理财,和讯学股堂,http://app.mi.com/datails?id=com.hexun.stockspread
金融理财,华夏信财,http://app.mi.com/datails?id=com.hxxc.user.app
金融理财,鑫e代,http://app.mi.com/datails?id=com.zztzt.huaxin
金融理财,还呗,http://app.mi.com/datails?id=com.shuhekeji
金融理财,华彩人生,http://app.mi.com/datails?id=com.hcrs
金融理财,即刻贷款-借条360,http://app.mi.com/datails?id=com.hz.jkdky
战争策略,红警OL,http://app.mi.com/datails?id=com.tencent.tmgp.hjol
战争策略,率土之滨,http://app.mi.com/datails?id=com.netease.stzb.mi
战争策略,乱世王者,http://app.mi.com/datails?id=com.tencent.tmgp.wec
战争策略,COK列王的纷争,http://app.mi.com/datails?id=com.hcg.cok.mi
战争策略,三国志2017,http://app.mi.com/datails?id=com.game.sgz.mi
战争策略,三十六计,http://app.mi.com/datails?id=com.youzu.g36.mi
战争策略,银河战舰,http://app.mi.com/datails?id=com.jedigames.p16s.mi
战争策略,皇室战争,http://app.mi.com/datails?id=com.supercell.clashroyale.mi
战争策略,最高警戒,http://app.mi.com/datails?id=com.sesame.zgjjgame2.mi
战争策略,大航海之路,http://app.mi.com/datails?id=com.netease.dhhzl.mi
战争策略,部落冲突,http://app.mi.com/datails?id=com.supercell.clashofclans.mi
动作枪战,巅峰战舰,http://app.mi.com/datails?id=com.yingxiong.dfzj.mi
战争策略,坦克前线,http://app.mi.com/datails?id=yaqy.hjtk1001.mi
战争策略,我的使命-2周年,http://app.mi.com/datails?id=com.wdsm.mi
战争策略,正统三国,http://app.mi.com/datails?id=com.jedigames.p16.mi
战争策略,剑与家园,http://app.mi.com/datails?id=com.lilithgame.sgame.mi
战争策略,坦克风云,http://app.mi.com/datails?id=com.rayjoy.bigtank.mi
战争策略,横扫千军,http://app.mi.com/datails?id=com.hsqj.mi
战争策略,王者纷争,http://app.mi.com/datails?id=com.youai.hmbird.dqdg.mi
战争策略,三国群英传-霸王之业,http://app.mi.com/datails?id=com.tencent.tmgp.sgqyz
战争策略,英雄文明,http://app.mi.com/datails?id=com.ijunhai.yxwm.mi
战争策略,阿瓦隆之王,http://app.mi.com/datails?id=com.funplus.awlzw.mi
战争策略,血染征袍-三国新神将,http://app.mi.com/datails?id=com.congyu.xrzp.mi
战争策略,胡莱三国2,http://app.mi.com/datails?id=com.hoolai.hlsg2.mi
战争策略,超级舰队,http://app.mi.com/datails?id=com.SuperOfFleet.mi
战争策略,战火与秩序,http://app.mi.com/datails?id=com.tq.warandorder.mi
战争策略,风云天下-三国霸主,http://app.mi.com/datails?id=com.youai.fytxcr.mi
战争策略,战争指挥官,http://app.mi.com/datails?id=com.caohua.hjgl.mi
战争策略,海岛奇兵,http://app.mi.com/datails?id=com.supercell.boombeach.mi
战争策略,战舰帝国,http://app.mi.com/datails?id=com.sincetimes.games.worldship.mi
战争策略,超级群英传,http://app.mi.com/datails?id=net.joywii.sgqyhd.mi
战争策略,天将雄师,http://app.mi.com/datails?id=com.regin.dgsd.mi
战争策略,风云天下OL,http://app.mi.com/datails?id=com.mango.sanguo15.xiaomi
战争策略,雷霆舰队,http://app.mi.com/datails?id=com.aly.ltjd.mi
战争策略,王国纪元,http://app.mi.com/datails?id=com.igg.android.lordsmobile_cn
战争策略,多多自走棋,http://app.mi.com/datails?id=com.ilongyuan.zzq.mi
战争策略,火柴人战争：遗产,http://app.mi.com/datails?id=com.csdj.hcrYC.mi
战争策略,生化围城-末日进化,http://app.mi.com/datails?id=com.huiyao.shwc.mi
战争策略,冒牌三国-三国卡牌手游,http://app.mi.com/datails?id=com.platform2y9y.feixiong.maopaisg.mi
战争策略,天将传-三国策略游戏,http://app.mi.com/datails?id=com.p2y9y.tianjj.mi
战争策略,疾风大冒险-策略三国卡牌,http://app.mi.com/datails?id=com.tencent.tmgp.p2y9y.jifengdmx.mi
战争策略,汤姆猫战营,http://app.mi.com/datails?id=com.outfit7.talkingtomcamp.mi
战争策略,三国仙侠志-国战策略,http://app.mi.com/datails?id=com.tencent.tmgp.p2y9y.sanguoxxz.mi
战争策略,三国连环战,http://app.mi.com/datails?id=com.shouxin.sglhz.mi
战争策略,云顶之弈战略指北,http://app.mi.com/datails?id=com.chaem.lolchess.xsl
战争策略,追忆三国群英传,http://app.mi.com/datails?id=com.duogu.sanguo.hero.xsl
战争策略,王者争雄,http://app.mi.com/datails?id=com.mqw.wangzhezx.mi
战争策略,消灭细菌,http://app.mi.com/datails?id=com.boom.ogermwar.gtx
战争策略,信任的进化,http://app.mi.com/datails?id=com.xuangames.xrdjh.gtx
战争策略,三国乱世霸王-三国志回合,http://app.mi.com/datails?id=com.xinsglsbw.mi
动作枪战,王牌战士,http://app.mi.com/datails?id=com.tencent.af
动作枪战,和平精英,http://app.mi.com/datails?id=com.tencent.tmgp.pubgmhd
动作枪战,穿越火线-枪战王者,http://app.mi.com/datails?id=com.tencent.tmgp.cf
动作枪战,元气骑士,http://app.mi.com/datails?id=com.knight.union.mi
动作枪战,躲猫猫(中文版),http://app.mi.com/datails?id=com.hgames.propvshunter.gtx
动作枪战,王牌战争,http://app.mi.com/datails?id=com.yingxiong.hero.mi
动作枪战,荒野行动,http://app.mi.com/datails?id=com.netease.hyxd.mi
动作枪战,你好邻居,http://app.mi.com/datails?id=com.tinybuildgames.helloneighbor.mt
动作枪战,生死狙击-王者乱斗,http://app.mi.com/datails?id=com.wooduan.ssjj.mi
动作枪战,火柴人绳索英雄,http://app.mi.com/datails?id=com.mgc.stickman.rope.hero.xc
动作枪战,火柴人绳索英雄,http://app.mi.com/datails?id=com.mgc.stickman.rope.hero.dbzq.m
动作枪战,火柴人绳索英雄2,http://app.mi.com/datails?id=com.mgc.stickman.rope.hero.two.xc
动作枪战,方舟：生存进化 国际版,http://app.mi.com/datails?id=com.studiowildcard.wardrumstudios.ark.ncr
动作枪战,人类一败涂地2019,http://app.mi.com/datails?id=com.rn.humanity.mt
动作枪战,光荣使命：使命行动,http://app.mi.com/datails?id=com.tencent.cldts
动作枪战,英雄枪战,http://app.mi.com/datails?id=com.qzyx2.union.mi
动作枪战,崩坏3&mdash;天使重构,http://app.mi.com/datails?id=com.miHoYo.bh3.mi
动作枪战,像素吃鸡,http://app.mi.com/datails?id=com.azurgame.BattleGroundRoyale.xc
动作枪战,小米枪战-战地吃鸡手游,http://app.mi.com/datails?id=com.ak.mi
动作枪战,奥特曼格斗进化0,http://app.mi.com/datails?id=com.xcpsp.atmgdjh0.xc
动作枪战,堡垒前线：破坏与创造,http://app.mi.com/datails?id=com.netease.blqx.mi
动作枪战,王牌大枪战,http://app.mi.com/datails?id=com.xdzj.wpdqz.mi
动作枪战,绝地射击战场2019,http://app.mi.com/datails?id=com.timuzgames.fpsbattle.bnn
动作枪战,火柴人对决,http://app.mi.com/datails?id=com.Neurononfire.SupremeDuelist.mt
动作枪战,火线精英,http://app.mi.com/datails?id=com.hxjy.union.mi
动作枪战,突击队行动：吃鸡,http://app.mi.com/datails?id=com.critical.strike.shoot.fire.fssc.dbzq.m
动作枪战,枪神对决,http://app.mi.com/datails?id=com.dodjoy.qhzs.mi
动作枪战,全民枪战2,http://app.mi.com/datails?id=com.crisisfire.android.mi
动作枪战,火柴人越狱,http://app.mi.com/datails?id=com.nbify.stickman.prison.counter.assault.mt
赛车体育,小米赛车,http://app.mi.com/datails?id=com.puppetsgame.miracing.mi
赛车体育,QQ飞车手游,http://app.mi.com/datails?id=com.tencent.tmgp.speedmobile
赛车体育,实况足球,http://app.mi.com/datails?id=com.netease.pes.mi
赛车体育,街头篮球,http://app.mi.com/datails?id=com.tencent.freestyle
赛车体育,NBA LIVE,http://app.mi.com/datails?id=com.ea.android.chs.nbamobile.mi
赛车体育,街篮,http://app.mi.com/datails?id=com.ztgame.jl.mi
赛车体育,一起来飞车,http://app.mi.com/datails?id=com.wyd.hero.yqlfc.cb1.mi
赛车体育,FIFA足球世界,http://app.mi.com/datails?id=com.tencent.fifamobile
赛车体育,豪门足球风云,http://app.mi.com/datails?id=com.hoolai.hmzqfy.mi
赛车体育,实况中超,http://app.mi.com/datails?id=com.crazysports.smarena.cs.mi
跑酷闯关,滑雪大冒险,http://app.mi.com/datails?id=com.yodo1.SkiSafari.XIAOMI_01
赛车体育,斗龙战士3极速狂飙,http://app.mi.com/datails?id=com.youmeng.jisukuangbiao.mi
赛车体育,碰碰车,http://app.mi.com/datails?id=com.pengpengcar.uuzw
赛车体育,最强NBA,http://app.mi.com/datails?id=com.tencent.tmgp.NBA
赛车体育,速度与冲刺-激情,http://app.mi.com/datails?id=com.speed.pixe
赛车体育,卡车越野2,http://app.mi.com/datails?id=com.kacheyueye2.vd
赛车体育,速度与激情8,http://app.mi.com/datails?id=com.hzfb.racing8.mi
赛车体育,全民暴风摩托,http://app.mi.com/datails?id=com.daqu.qmbfmt.mi
动作枪战,突击队幸存者,http://app.mi.com/datails?id=com.ubmgames.ig.pub.royale.prison.escape.playerunknown.pt
动作枪战,我的求生岛世界,http://app.mi.com/datails?id=com.freegamesstudio.skyblockislandsurvivalgames
动作枪战,超级玛丽,http://app.mi.com/datails?id=com.xcnes.cjml.xc
动作枪战,狙击行动,http://app.mi.com/datails?id=com.fungames.sniper3d.mi
动作枪战,火柴蜘蛛侠英雄,http://app.mi.com/datails?id=com.mttt.rope
动作枪战,行刑队战场：大吃鸡,http://app.mi.com/datails?id=com.gamefeast.battle.unknown.players.survival.shooting.game.mt
动作枪战,蜘蛛侠绳索英雄(中文版),http://app.mi.com/datails?id=com.hgamesart.ropeboy.dbzq.m
动作枪战,终结者2:审判日（电影官方手游）,http://app.mi.com/datails?id=com.netease.zjz.mi
动作枪战,陷阱冒险,http://app.mi.com/datails?id=com.trapadventure.fhp
动作枪战,魂斗罗：归来,http://app.mi.com/datails?id=com.tencent.shootgame
动作枪战,狙击手吃鸡大战,http://app.mi.com/datails?id=com.offlinegames.sniper.cover.operation.fps.shooting.games.mt
动作枪战,单机坦克大战：全军出击,http://app.mi.com/datails?id=com.jjtk.mi
动作枪战,生存战争吃鸡战,http://app.mi.com/datails?id=com.gamefeast.ww2.battleground.survival.war.shooting.dbzq.m
动作枪战,王牌狙击手,http://app.mi.com/datails?id=com.fungames.hitmansniper3d.free.elm
动作枪战,小小突击队,http://app.mi.com/datails?id=com.xxtjd.union.mi
动作枪战,孤岛先锋,http://app.mi.com/datails?id=com.netease.syfz.mi
动作枪战,反恐特战队:狙击精英,http://app.mi.com/datails?id=com.cszzzw.fktzd.mi
动作枪战,堡垒之夜-国际服,http://app.mi.com/datails?id=com.epicgames.portal
动作枪战,恐怖奶奶：铁人,http://app.mi.com/datails?id=com.ironmanmarven.grannyisironman.granron2k19.xsl
动作枪战,乐高：我的城市2,http://app.mi.com/datails?id=com.lego.city.my_city2
动作枪战,蜘蛛侠绳索英雄：绿超人,http://app.mi.com/datails?id=com.assassingames.ninjafrogrope.mt
动作枪战,皇家战场吃鸡战,http://app.mi.com/datails?id=com.blackteastudio.battlegrounds.dbzq.m
动作枪战,迷失岛：木筏绝地求生,http://app.mi.com/datails?id=com.gu.lost.island.raft.survival.game.dbzq.m
动作枪战,恐龙快打,http://app.mi.com/datails?id=com.chaoji.konglongkuaida.mt
动作枪战,真实海上木筏求生,http://app.mi.com/datails?id=com.karategoosestudio.oceansurvival.mt
动作枪战,灭霸：无限手套,http://app.mi.com/datails?id=com.endgame.immortal.infinity.gauntlet.villain.city.fighting.elm
动作枪战,精英狙击手2019,http://app.mi.com/datails?id=com.gtactiongames.fpssniper2019.xsl
动作枪战,放学别跑,http://app.mi.com/datails?id=com.ilongyuan.fxbp.mi
动作枪战,蜘蛛侠：决战拉斯维加斯,http://app.mi.com/datails?id=com.momob.spidergangtercity.dbzq.m
动作枪战,火柴人反恐精英,http://app.mi.com/datails?id=com.lmstudios.stickman.counter.terror.strike.mt
赛车体育,NBA篮球大师,http://app.mi.com/datails?id=com.galasports.basketball.mi
赛车体育,猪猪侠之疯狂骑士,http://app.mi.com/datails?id=com.youmeng.crazymoto.mi
赛车体育,猪猪侠百变飞车,http://app.mi.com/datails?id=com.feamber.racing4.wali
赛车体育,疾风飞车世界,http://app.mi.com/datails?id=np.idreamsky.horizonchase.mi
赛车体育,猪猪侠之五灵飞车,http://app.mi.com/datails?id=com.youmeng.wulingfeiche.mi
赛车体育,中超风云,http://app.mi.com/datails?id=com.hoolai.zcfy.mi
赛车体育,城市飞车,http://app.mi.com/datails?id=com.racergame.cityracing3d
赛车体育,足球大师黄金一代,http://app.mi.com/datails?id=com.limboworks.honorofcup.mi
赛车体育,极速漂移,http://app.mi.com/datails?id=com.lxd.jspy.mi
赛车体育,最佳阵容,http://app.mi.com/datails?id=com.xianyugame.zjzr.mi
赛车体育,猪猪侠之传奇车神,http://app.mi.com/datails?id=com.youmeng.pingmanracing.mi
赛车体育,狂野飙车9：竞速传奇,http://app.mi.com/datails?id=com.aligames.kuang.kybc.mi
赛车体育,NBA 2K19,http://app.mi.com/datails?id=com.t2ksports.nba2k19and
赛车体育,全民漂移,http://app.mi.com/datails?id=com.playside.drifty.xc
赛车体育,真实赛车3,http://app.mi.com/datails?id=com.ea.games.r3_row
赛车体育,赛车,http://app.mi.com/datails?id=com.car.driving.mt
赛车体育,极品飞车：最高通缉,http://app.mi.com/datails?id=com.ea.games.nfs13_row
赛车体育,赛车驾驶模拟,http://app.mi.com/datails?id=qiche.jiashi.moni
赛车体育,终极赛车,http://app.mi.com/datails?id=com.sir.racing.ultimatecardrivingsimulator.xc
赛车体育,摩托车特技王,http://app.mi.com/datails?id=com.legend.motorcycle.mi
赛车体育,兰博汽车模拟器,http://app.mi.com/datails?id=com.OppanaGames.Lamborghini.dbzq.m
赛车体育,汽车模拟驾驶,http://app.mi.com/datails?id=com.racing.studio.games.lexus.lx.xsl
网游RPG,精灵盛典-限时送独角兽,http://app.mi.com/datails?id=com.sy.jlsd.mi
网游RPG,明日之后,http://app.mi.com/datails?id=com.netease.mrzh.mi
网游RPG,拉结尔,http://app.mi.com/datails?id=com.tencent.raziel
网游RPG,神雕侠侣2,http://app.mi.com/datails?id=com.pwrd.hhz.mi
网游RPG,龙皇传说,http://app.mi.com/datails?id=com.tldqk.hardtime.mi
网游RPG,龙武-七年端游重现,http://app.mi.com/datails?id=com.q1.LWSY.android.mi
网游RPG,闪烁之光,http://app.mi.com/datails?id=com.shiyue.sszg.mi
网游RPG,倩女幽魂,http://app.mi.com/datails?id=com.netease.l10.mi
网游RPG,一拳超人：最强之男,http://app.mi.com/datails?id=com.playcrab.kos.mi
模拟经营,辐射：避难所Online,http://app.mi.com/datails?id=com.shandagames.shelter.mi
休闲创意,玄元剑仙,http://app.mi.com/datails?id=com.xyjx.hardtime.mi
网游RPG,极品芝麻官,http://app.mi.com/datails?id=com.anzhuojpzmg.ckhd.mi
动作枪战,崩坏3&mdash;天使重构,http://app.mi.com/datails?id=com.miHoYo.bh3.mi
网游RPG,一刀传世-免费送VIP,http://app.mi.com/datails?id=com.sy.ydcs.mi
网游RPG,航海王：燃烧意志,http://app.mi.com/datails?id=com.pkwan.op.mi
网游RPG,火影忍者：忍者新世代,http://app.mi.com/datails?id=com.tencent.hyrzol
网游RPG,明日之后,http://app.mi.com/datails?id=com.netease.mrzh.mi
战争策略,银河战舰,http://app.mi.com/datails?id=com.jedigames.p16s.mi
网游RPG,太古神王-爽快修仙,http://app.mi.com/datails?id=com.bingougame.tgsw.mi
网游RPG,航海王：燃烧意志,http://app.mi.com/datails?id=com.pkwan.op.mi
网游RPG,风色世界,http://app.mi.com/datails?id=com.fssj.mi
模拟经营,小镇物语,http://app.mi.com/datails?id=com.diandian.townkins.mi
网游RPG,神都夜行录,http://app.mi.com/datails?id=com.netease.h48.mi
网游RPG,王者之光,http://app.mi.com/datails?id=com.feimiao.ky.wzzg.mi
格斗快打,境界-死神激斗,http://app.mi.com/datails?id=com.ssjd.mi
网游RPG,流星群侠传,http://app.mi.com/datails?id=com.netease.lx12.mi
网游RPG,梦幻模拟战,http://app.mi.com/datails?id=com.zlongame.mhmnz.mi
网游RPG,梦幻西游-宠装来袭,http://app.mi.com/datails?id=com.netease.my.mi
战争策略,荣耀战国,http://app.mi.com/datails?id=com.luomo.rongyaozg.mi
棋牌桌游,小米斗地主,http://app.mi.com/datails?id=com.doudz.mi
棋牌桌游,欢乐版单机斗地主,http://app.mi.com/datails?id=com.standddz.mi
棋牌桌游,欢乐斗地主-单机版,http://app.mi.com/datails?id=com.standddz002.mi
棋牌桌游,单机斗地主,http://app.mi.com/datails?id=com.standddz003.mi
棋牌桌游,斗地主,http://app.mi.com/datails?id=com.standddz004.mi
棋牌桌游,新全民斗地主,http://app.mi.com/datails?id=com.xm.cn.qmddz.mi
棋牌桌游,欢乐真人麻将,http://app.mi.com/datails?id=com.mengmi.majiang.mi
棋牌桌游,饭局狼人,http://app.mi.com/datails?id=com.mewe.wolf
棋牌桌游,麻将来了,http://app.mi.com/datails?id=com.tencent.tmgp.ttmj
棋牌桌游,西米实况麻将,http://app.mi.com/datails?id=com.ximi.mj.mi
棋牌桌游,单机麻将大全,http://app.mi.com/datails?id=com.mahjong.nb
棋牌桌游,军旗天下,http://app.mi.com/datails?id=com.chinessjunqi.nb
棋牌桌游,西米斗地主,http://app.mi.com/datails?id=com.xm.ddz.xiaomi.mi
棋牌桌游,三国杀,http://app.mi.com/datails?id=com.bf.sgs.hdexp.mi
棋牌桌游,围棋,http://app.mi.com/datails?id=onyuan.weiqi2.mi
棋牌桌游,多乐保皇,http://app.mi.com/datails?id=com.k7k7.BaoHuang.mi
棋牌桌游,欢快斗地主,http://app.mi.com/datails?id=com.mailin.hkddz.mi
棋牌桌游,五子棋,http://app.mi.com/datails?id=com.wedobest.fivechess.mi
棋牌桌游,天天斗地主（真人版）,http://app.mi.com/datails?id=com.zengame.ttddzrb.p365you
网游RPG,圣剑纪元,http://app.mi.com/datails?id=com.shiyue.sjjy.mi
战争策略,圣斗士星矢（腾讯）,http://app.mi.com/datails?id=com.tencent.tmgp.sskgame
网游RPG,画江湖盟主,http://app.mi.com/datails?id=com.ultraunited.xialan.rocen.mi
网游RPG,仙剑奇侠传四,http://app.mi.com/datails?id=com.tencent.xishanju.xj4
网游RPG,全民斩仙2,http://app.mi.com/datails?id=com.hoolai.zhj.mi
网游RPG,武动乾坤,http://app.mi.com/datails?id=com.woniu.wdqk.mi
网游RPG,我叫MT4-混沌之战,http://app.mi.com/datails?id=com.tencent.tmgp.mt4
网游RPG,剑侠世界2-次世代3D武侠,http://app.mi.com/datails?id=com.seasun.jxsj2.mi
网游RPG,屠龙破晓-欢喜哥代言,http://app.mi.com/datails?id=com.hhsh.tlpx.mi
网游RPG,一梦江湖（原楚留香）,http://app.mi.com/datails?id=com.netease.wyclx.mi
格斗快打,阿拉德之怒,http://app.mi.com/datails?id=com.hegu.dnl.mi
网游RPG,放置奇兵,http://app.mi.com/datails?id=com.droidhang.ad.mi
网游RPG,极品芝麻官,http://app.mi.com/datails?id=com.anzhuojpzmg.ckhd.mi
网游RPG,重生之明月传说,http://app.mi.com/datails?id=com.leniu.cszmycs.mi
网游RPG,创世对决,http://app.mi.com/datails?id=com.manling.csdj.mi
网游RPG,侠客风云传online-1周年庆,http://app.mi.com/datails?id=com.bf.xkfyzol.mi
网游RPG,山海异闻录,http://app.mi.com/datails?id=com.gaea.shanhai.mi
网游RPG,魔力宝贝,http://app.mi.com/datails?id=com.tencent.crossgate
网游RPG,蜀山正传,http://app.mi.com/datails?id=com.jgyx.jzywl.mi
网游RPG,武林外传,http://app.mi.com/datails?id=com.pwrd.wlwz.mi
网游RPG,地灵曲,http://app.mi.com/datails?id=com.zhuohua.dilingqu.mi
网游RPG,最传奇,http://app.mi.com/datails?id=com.zcq.hardtime.mi
网游RPG,大掌门2,http://app.mi.com/datails?id=com.playcrab.dazhangmen2.mi
网游RPG,黎明风暴-猎龙大赛,http://app.mi.com/datails?id=com.zjwl.lmfb.mi
网游RPG,征途2,http://app.mi.com/datails?id=com.ztgame.fir.mi
网游RPG,QQ华夏手游,http://app.mi.com/datails?id=com.tencent.hxgame
网游RPG,魔域手游,http://app.mi.com/datails?id=com.xishanju.mysy.mi
休闲创意,QQ炫舞,http://app.mi.com/datails?id=com.tencent.tmgp.qqx5
网游RPG,黄金裁决-经典传奇,http://app.mi.com/datails?id=com.jgwl.hjcj.mi
格斗快打,激战奇轮3烈焰冲击,http://app.mi.com/datails?id=com.leyo.jzql2.mi
格斗快打,火柴人联盟2,http://app.mi.com/datails?id=com.games.hc.acing.mi
格斗快打,铠甲勇士4之捕将,http://app.mi.com/datails?id=com.sg.kjys4zbj.mi
网游RPG,奥特曼传奇英雄,http://app.mi.com/datails?id=com.joym.legendhero.mi
动作枪战,多多拳击,http://app.mi.com/datails?id=com.realbox.duoduo.kmm
格斗快打,英雄大作战之热血乱斗,http://app.mi.com/datails?id=air.com.martialstudio.herofighterx1.gld
格斗快打,神兽金刚之北斗星王,http://app.mi.com/datails?id=com.leyo.ssjg3.mi
格斗快打,九黎-单机RPG,http://app.mi.com/datails?id=com.humblegames.fightingx.mi
格斗快打,角斗士竞技场,http://app.mi.com/datails?id=com.jiaodoushi.ok
格斗快打,奥特曼正义降临,http://app.mi.com/datails?id=com.huale.justicearrive.mi
格斗快打,铠甲勇士热血战神,http://app.mi.com/datails?id=com.joym.armorbloodwar.mi
棋牌桌游,JJ斗地主,http://app.mi.com/datails?id=cn.jj
棋牌桌游,欢乐麻将全集,http://app.mi.com/datails?id=com.qqgame.happymj
棋牌桌游,天天象棋,http://app.mi.com/datails?id=com.tencent.qqgame.xq
棋牌桌游,单机斗地主,http://app.mi.com/datails?id=com.tuyou.doudizhu.mi
棋牌桌游,狼人杀,http://app.mi.com/datails?id=com.netease.lrs.mi
棋牌桌游,炉石传说,http://app.mi.com/datails?id=com.blizzard.wtcg.hearthstone
棋牌桌游,五子棋-欢乐单机版,http://app.mi.com/datails?id=com.zongyiwuziqi.mi
棋牌桌游,飞行棋,http://app.mi.com/datails?id=com.flyfish.ludo
棋牌桌游,五子棋对战,http://app.mi.com/datails?id=com.mobirix.omok2Goo.mg
棋牌桌游,六月游戏单机斗地主,http://app.mi.com/datails?id=com.june.game.doudizhu.mi
棋牌桌游,腾讯桌球,http://app.mi.com/datails?id=com.tencent.pocket
棋牌桌游,单机斗地主,http://app.mi.com/datails?id=com.djddz.km
棋牌桌游,拖拉机,http://app.mi.com/datails?id=com.javgame.tlj.mi
棋牌桌游,斗地主经典版,http://app.mi.com/datails?id=com.SYzongYi.doudizhu.mi
棋牌桌游,麻将经典版,http://app.mi.com/datails?id=com.zongyimajiangxin.mi
棋牌桌游,途游斗地主,http://app.mi.com/datails?id=com.tuyoo.tudoudizhu.mi
棋牌桌游,单机斗地主开心版,http://app.mi.com/datails?id=com.og.danjiddz
棋牌桌游,推理学院-贪吃狼,http://app.mi.com/datails?id=cn.ss911.android.mi
棋牌桌游,途游中国象棋,http://app.mi.com/datails?id=com.example.chinesechess.mi
棋牌桌游,多乐够级,http://app.mi.com/datails?id=com.k7k7.goujihd.mi
棋牌桌游,斗兽棋,http://app.mi.com/datails?id=com.pdragon.doushouqi.mi
棋牌桌游,单机麻将,http://app.mi.com/datails?id=com.mahjong.danji.mi.mi
棋牌桌游,欢喜斗地主,http://app.mi.com/datails?id=com.qileyx.ddz.mi
棋牌桌游,单机麻将,http://app.mi.com/datails?id=net.uuapps.play.ddmj.yx
棋牌桌游,途游五子棋,http://app.mi.com/datails?id=com.tuyoo.gomoku.mi
棋牌桌游,微乐捉鸡麻将,http://app.mi.com/datails?id=weile.guiyangmj.mi
棋牌桌游,四川麻将,http://app.mi.com/datails?id=com.uc108.mobile.xzmk.num1.mi
棋牌桌游,单机中国象棋,http://app.mi.com/datails?id=com.tm.chinesechess.mi
棋牌桌游,军棋,http://app.mi.com/datails?id=com.pdragon.junqi.mi
棋牌桌游,三国杀,http://app.mi.com/datails?id=com.bf.sgs.mi
休闲创意,粉彩女孩,http://app.mi.com/datails?id=com.seyeonsoft.pastel.elm
塔防迷宫,熊出没之极限弹射,http://app.mi.com/datails?id=com.XCMTS.BearLimitejection.mi
休闲创意,画个火柴人2,http://app.mi.com/datails?id=com.hitcents.drawastickmanepic2free.fhp
跑酷闯关,汤姆猫跑酷,http://app.mi.com/datails?id=com.outfit7.talkingtomgoldrun.mi
休闲创意,会说话的安吉拉,http://app.mi.com/datails?id=com.outfit7.talkingangelafree
休闲创意,涂色大师,http://app.mi.com/datails?id=com.zongyi.colorelax.mi
休闲创意,宝宝爱连线,http://app.mi.com/datails?id=com.jd.game.babyline.mi
儿童益智,我的心动小狗,http://app.mi.com/datails?id=com.libii.puppystory.mi
模拟经营,我的熊大熊二,http://app.mi.com/datails?id=com.soulgame.bear.mi
休闲创意,水果忍者,http://app.mi.com/datails?id=com.halfbrick.fruitninja.gld
儿童益智,鳄鱼小顽皮爱洗澡,http://app.mi.com/datails?id=com.eyuxizao.fifa
儿童益智,熊出没-贺岁版,http://app.mi.com/datails?id=com.xcmhsb.mi
儿童益智,我的安吉拉,http://app.mi.com/datails?id=com.outfit7.mytalkingangelafree
飞行空战,熊出没飞机大作战,http://app.mi.com/datails?id=com.BoonieBears.pxie
儿童益智,我的汤姆猫,http://app.mi.com/datails?id=com.outfit7.mytalkingtomfree
儿童益智,我的哈士奇,http://app.mi.com/datails?id=com.hashiqi.nb
格斗快打,赛尔号之勇者无敌,http://app.mi.com/datails?id=com.hgqn.braveofinvincibleseer.mi
格斗快打,剑灵无双II,http://app.mi.com/datails?id=com.palmjoys.jlws2.mi
格斗快打,阿拉德之怒,http://app.mi.com/datails?id=com.hegu.dnl.mi
格斗快打,三国战纪,http://app.mi.com/datails?id=com.enjoymi.sgzj.mi
格斗快打,奥特曼格斗进化零,http://app.mi.com/datails?id=com.stemu.psp.atmgdjh
格斗快打,奥特曼之格斗超人,http://app.mi.com/datails?id=com.joym.combatman.mi
格斗快打,拳皇98,http://app.mi.com/datails?id=com.snkplaymore.android007.kyx.m
格斗快打,天天炫斗,http://app.mi.com/datails?id=com.tencent.game.VXDGame
格斗快打,拳皇97 风云再起,http://app.mi.com/datails?id=com.milk.emu.kof97.dbzq.m
格斗快打,闹闹天宫,http://app.mi.com/datails?id=com.tencent.nntg.linekong
格斗快打,黑洞来了,http://app.mi.com/datails?id=com.wb.hdll.mi
格斗快打,奥特曼格斗进化1,http://app.mi.com/datails?id=com.ps.game001.dbzq.m
格斗快打,剑之刃-剑侠武侠,http://app.mi.com/datails?id=com.p2y9y.jzr.mi
格斗快打,梦幻仙缘-修仙问道,http://app.mi.com/datails?id=org.mxxx.suyou.qycom.mi
格斗快打,暗影格斗2,http://app.mi.com/datails?id=com.nekki.shadowfight.mt
格斗快打,翅膀战士,http://app.mi.com/datails?id=com.nc.wings.warrior.xye
格斗快打,火柴人至尊对决,http://app.mi.com/datails?id=com.stickmanwarriors.superman.stick.gtx
儿童益智,光头强抓鹦鹉,http://app.mi.com/datails?id=com.guangtouqiang.xiaoniao.fifa
儿童益智,大熊钓鱼,http://app.mi.com/datails?id=com.daxiongdiaoyu.nn
休闲创意,我的汉克狗,http://app.mi.com/datails?id=com.outfit7.mytalkinghank.mi
跑酷闯关,大力水手跑酷,http://app.mi.com/datails?id=com.dalishuishou.nb
儿童益智,会说话的汤姆猫,http://app.mi.com/datails?id=com.outfit7.talkingtom
儿童益智,会说话的汤姆猫2,http://app.mi.com/datails?id=com.outfit7.talkingtom2free
儿童益智,汤姆猫水上乐园,http://app.mi.com/datails?id=com.outfit7.talkingtompool.mi
儿童益智,小猪佩奇：假期,http://app.mi.com/datails?id=com.peppapig.holiday.dbzq.m
儿童益智,森林冰火人: Online,http://app.mi.com/datails?id=com.myappz.firegirlWaterboy
儿童益智,安吉拉爱装扮,http://app.mi.com/datails?id=com.outfit7.talkingangeladressup.mi
儿童益智,叶罗丽美颜公主,http://app.mi.com/datails?id=cn.ultralisk.gameapp.game37.mi
儿童益智,菲梦少女,http://app.mi.com/datails?id=cn.ultralisk.game44s.mi
儿童益智,快乐小鸡游戏,http://app.mi.com/datails?id=com.melestudio.HappyChick.mi
儿童益智,彩虹史莱姆,http://app.mi.com/datails?id=com.funpop.android_unicornslime.mt
儿童益智,填色游戏数字画画,http://app.mi.com/datails?id=com.melemoe.digitalcoloring.mi
儿童益智,糖糖假日-海滨酒店,http://app.mi.com/datails?id=com.libii.candyhotel.mi
儿童益智,糖糖游乐园,http://app.mi.com/datails?id=com.libii.candycarnival.mi
儿童益智,啦啦队少女,http://app.mi.com/datails?id=com.libii.cheercaptain.mi
儿童益智,超级蓬松史莱姆,http://app.mi.com/datails?id=com.kidscrazygamesNew.android_fluffyslime.mi
儿童益智,琪琪和菲菲宠物美容院,http://app.mi.com/datails?id=com.libii.tutotoons.kikififibeautysalon.mi
儿童益智,公主恋爱日记,http://app.mi.com/datails?id=com.libii.lovediary.mi
儿童益智,儿童画画,http://app.mi.com/datails?id=com.happy.box.learn.how.to.draw.line.dbzq.m
儿童益智,儿童烹饪比赛,http://app.mi.com/datails?id=bwebmedia.topcookingchefrecipes.mt
儿童益智,糖糖蛋糕店,http://app.mi.com/datails?id=com.libii.CandyCakeShop.mi
儿童益智,公主城堡房间,http://app.mi.com/datails?id=air.com.winkypinky.princesscastleroom.mt
儿童益智,夜光闪亮史莱姆,http://app.mi.com/datails?id=com.crazystore.android_glitterslime.mi
休闲创意,开心消消乐-太空计划,http://app.mi.com/datails?id=com.happyelements.AndroidAnimal
跑酷闯关,滚动的天空,http://app.mi.com/datails?id=com.turbochilli.rollingsky_cn.mi
休闲创意,星辰捕鱼,http://app.mi.com/datails?id=com.jhgame.by.mi
休闲创意,钢琴块2,http://app.mi.com/datails?id=com.cmplay.tiles2_cn.mi
休闲创意,梦幻家园,http://app.mi.com/datails?id=com.ledou.mhjy.mi
休闲创意,开心跳纸盒,http://app.mi.com/datails?id=com.wifi.jumpnew.mi
休闲创意,疯狂动物城：筑梦日记,http://app.mi.com/datails?id=com.tencent.tmgp.mituan
休闲创意,集结号捕鱼,http://app.mi.com/datails?id=com.jjhgame.fish.mi
休闲创意,我的世界-村庄保卫战,http://app.mi.com/datails?id=com.netease.mc.mi
休闲创意,跳舞的线,http://app.mi.com/datails?id=com.cmplay.dancingline.mi
休闲创意,永不言弃3：世界,http://app.mi.com/datails?id=com.gamestone.giveitup3.mi
休闲创意,画个火柴人2,http://app.mi.com/datails?id=com.hitcents.drawastickmanepic2free.fhp
休闲创意,宾果消消消&reg;,http://app.mi.com/datails?id=com.mfp.jelly.xiaomi
休闲创意,纪念碑谷2,http://app.mi.com/datails?id=com.tencent.tmgp.jnbg2
休闲创意,梦幻花园,http://app.mi.com/datails?id=com.ledou.mhhy.mi
休闲创意,蓝界,http://app.mi.com/datails?id=com.ketchapp.blueedge.fhp
跑酷闯关,滚动的天空,http://app.mi.com/datails?id=com.turbochilli.rollingsky_cn.mi
休闲创意,采油小怪2,http://app.mi.com/datails?id=com.playflame.oilhunt2.elm
休闲创意,逃生通道,http://app.mi.com/datails?id=com.studiorouleau.forceescape.fhp
休闲创意,贪吃蛇大作战&reg;,http://app.mi.com/datails?id=com.wepie.snake.new.mi
休闲创意,小玛丽捕鱼,http://app.mi.com/datails?id=com.leqi.buyu.mi
休闲创意,开心消消乐-太空计划,http://app.mi.com/datails?id=com.happyelements.AndroidAnimal
飞行空战,熊出没之丛林王者,http://app.mi.com/datails?id=com.XXX.XCMZCLWZ.eagme.mi
飞行空战,熊出没飞机大作战,http://app.mi.com/datails?id=com.BoonieBears.pxie
飞行空战,现代空战3D：战队版,http://app.mi.com/datails?id=com.volvapps.ef3.x.mi
飞行空战,猪猪侠之勇闯太空,http://app.mi.com/datails?id=com.Lxd.Spacepigman.mi
飞行空战,雷电2016(雷霆版),http://app.mi.com/datails?id=com.sg.raidenxm
休闲创意,不思议迷宫,http://app.mi.com/datails?id=com.leiting.gumballs.mi
休闲创意,弓箭手大作战,http://app.mi.com/datails?id=com.cmcm.arrowio_cn.mi
儿童益智,汤姆猫水上乐园,http://app.mi.com/datails?id=com.outfit7.talkingtompool.mi
休闲创意,熊出没之疯狂弹射,http://app.mi.com/datails?id=com.bjlc.xcmfkds.wali
休闲创意,召唤与合成,http://app.mi.com/datails?id=com.izhaohe.heroes_MI
休闲创意,我爱削水果,http://app.mi.com/datails?id=com.fengle.waxsg.egame.wali
休闲创意,小鳄鱼爱洗澡2最新版,http://app.mi.com/datails?id=com.disney.wheresmywater2_goo.xf
休闲创意,连连看,http://app.mi.com/datails?id=com.liankan.kkkk
休闲创意,海滨消消乐-博物馆创作,http://app.mi.com/datails?id=com.happyelements.AndroidClover.mob
休闲创意,一起来跳舞,http://app.mi.com/datails?id=com.ttx5.mi
休闲创意,水果忍者,http://app.mi.com/datails?id=com.halfbrick.fruitninja.gld
动作枪战,弹弹岛2,http://app.mi.com/datails?id=com.wyd.hero.dandandao.mi
休闲创意,饥饿鲨：世界,http://app.mi.com/datails?id=com.fgol.hsw.mi
休闲创意,列车调度员2017,http://app.mi.com/datails?id=com.thevoxelagents.tc3.gld
休闲创意,2048最新版,http://app.mi.com/datails?id=com.my2048.kkkk
跑酷闯关,猪猪侠之五灵酷跑,http://app.mi.com/datails?id=com.shhxz.zhuzhuxiawulinkupao.mi
跑酷闯关,奔跑吧！猪猪侠,http://app.mi.com/datails?id=com.HCYT.RunbarGGBond.egame.mi
跑酷闯关,超级飞侠3之天天跑酷,http://app.mi.com/datails?id=com.sg.cjfx3.mi
跑酷闯关,超级飞侠大冒险,http://app.mi.com/datails?id=com.sg.cjfxdmx.mi
跑酷闯关,地铁跑酷,http://app.mi.com/datails?id=com.kiloo.subwaysurf
跑酷闯关,熊出没奇幻空间,http://app.mi.com/datails?id=com.Lxd.Bearsfantasyspace.mi
格斗快打,赛尔号之勇者无敌,http://app.mi.com/datails?id=com.hgqn.braveofinvincibleseer.mi
休闲创意,熊出没之疯狂弹射,http://app.mi.com/datails?id=com.bjlc.xcmfkds.wali
休闲创意,永不言弃3：世界,http://app.mi.com/datails?id=com.gamestone.giveitup3.mi
休闲创意,超级飞侠之荒野大冒险,http://app.mi.com/datails?id=com.Lxd.DargonWarriorRace.mi
跑酷闯关,熊出没之熊大快跑2018,http://app.mi.com/datails?id=com.joym.xiongdakuaipao2018.mi
跑酷闯关,酷跑奥特曼2,http://app.mi.com/datails?id=com.huale.ultraman2.mi
跑酷闯关,我的加菲猫,http://app.mi.com/datails?id=com.idreamsky.mygarfield.mi
飞行空战,雷霆战机,http://app.mi.com/datails?id=com.tencent.clover
飞行空战,飞机模拟,http://app.mi.com/datails?id=com.i6.Plane3.fhp
飞行空战,飞行模拟-客机飞行,http://app.mi.com/datails?id=com.legend.flightsimulator.mi
飞行空战,空袭大战-战场精英突袭,http://app.mi.com/datails?id=com.ddy.kxdz.mi
飞行空战,现代战机,http://app.mi.com/datails?id=com.EvilChaotic.ModernWarplanes.mt
飞行空战,飞行赛车,http://app.mi.com/datails?id=com.i6.RaceCarflying3D.dbzq.m
飞行空战,警用飞车模拟器,http://app.mi.com/datails?id=com.i6.PoliceFlyCar.fhp
飞行空战,猪猪侠之决战光明,http://app.mi.com/datails?id=com.szgd.GGBonddecisivebattle.mi
飞行空战,模拟飞机大作战,http://app.mi.com/datails?id=com.mf.ltkx.mi
飞行空战,突击队,http://app.mi.com/datails?id=com.fps.commando.adventure.mt
飞行空战,浴血长空,http://app.mi.com/datails?id=com.mangofun.yxck.mi
飞行空战,飞机大作战,http://app.mi.com/datails?id=com.zry.nxzsj.mi
飞行空战,飞行模拟器3D,http://app.mi.com/datails?id=com.freegames.flightsimulatorairplanepilot.mg
飞行空战,王牌机战-雷电经典,http://app.mi.com/datails?id=com.fengguo.wpjz.mi
飞行空战,模拟空战,http://app.mi.com/datails?id=it.rortos.airfighterspro
飞行空战,飞机大战之全民雷电,http://app.mi.com/datails?id=com.j1game.fjdz.gfyys.mi
飞行空战,真实飞行模拟器3D,http://app.mi.com/datails?id=com.AXgamesoft.TurbopropFS.mg
飞行空战,雷霆战舰-巅峰对决,http://app.mi.com/datails?id=com.legend.seawarfare.mi
飞行空战,空中航行,http://app.mi.com/datails?id=com.idriscelik.f787lite.gtx
飞行空战,空战争锋,http://app.mi.com/datails?id=com.volvapps.ef5.x.mi
飞行空战,雷电2018,http://app.mi.com/datails?id=com.sg.ld2018.mi
飞行空战,F18飞机模拟器3D,http://app.mi.com/datails?id=com.i6.f18airplanesimulator3d.mg
飞行空战,飞机消防员模拟器,http://app.mi.com/datails?id=com.i6.AirplaneFirefighterSimulator.fhp
飞行空战,极限着陆,http://app.mi.com/datails?id=it.rortos.extremelandings.elm
飞行空战,奥特曼热血机甲王,http://app.mi.com/datails?id=com.sg.atmjjw.mi
飞行空战,飞机大战,http://app.mi.com/datails?id=com.yifeng.plane.mi
跑酷闯关,超级幻影猫2,http://app.mi.com/datails?id=com.veewo.supercat2.mi
跑酷闯关,热血奥特超人跑酷,http://app.mi.com/datails?id=com.youmeng.rexueaoteman.mi
跑酷闯关,熊出没机甲熊大2,http://app.mi.com/datails?id=com.joym.armorbear2.mi
跑酷闯关,机甲奥特曼,http://app.mi.com/datails?id=com.joym.armorultraman.mi
跑酷闯关,斗龙战士之星印罗盘,http://app.mi.com/datails?id=com.gzcy.Dragonwarrior.mi
跑酷闯关,熊出没之机甲熊大,http://app.mi.com/datails?id=com.joym.armorbear.mi
跑酷闯关,神庙逃亡2,http://app.mi.com/datails?id=com.imangi.templerun2
跑酷闯关,熊出没之熊大快跑,http://app.mi.com/datails?id=com.joym.xiongdakuaipao
跑酷闯关,铠甲勇士英雄归来,http://app.mi.com/datails?id=com.joym.armorhero2.mi
跑酷闯关,疯狂动物园,http://app.mi.com/datails?id=com.yodo1.rodeo.mi
跑酷闯关,铠甲勇士之英雄传说,http://app.mi.com/datails?id=com.joym.armorhero.mi
跑酷闯关,汤姆猫跑酷,http://app.mi.com/datails?id=com.outfit7.talkingtomgoldrun.mi
跑酷闯关,酷跑超人(奥特曼),http://app.mi.com/datails?id=com.sg.atmpk.xiaomi
跑酷闯关,铠甲勇士之拿瓦怒火,http://app.mi.com/datails?id=com.joym.Warrior.mi
跑酷闯关,滑雪大冒险,http://app.mi.com/datails?id=com.yodo1.SkiSafari.XIAOMI_01
跑酷闯关,滚动的天空,http://app.mi.com/datails?id=com.turbochilli.rollingsky_cn.mi
跑酷闯关,忍者必须死3,http://app.mi.com/datails?id=com.pandadastudio.ninjamustdie3.mi
跑酷闯关,天天酷跑,http://app.mi.com/datails?id=com.tencent.pao
跑酷闯关,超级玛丽,http://app.mi.com/datails?id=com.flyfish.supermario
跑酷闯关,汤姆猫的摩托艇,http://app.mi.com/datails?id=com.outfit7.talkingtomjetski.mi
跑酷闯关,奥特曼超人-暴击小怪兽,http://app.mi.com/datails?id=com.sg.bjxgs.mi
塔防迷宫,封神之战-英雄无敌,http://app.mi.com/datails?id=com.zhangzhu.warhero.mi
塔防迷宫,植物大战僵尸2,http://app.mi.com/datails?id=com.popcap.pvz2cthdxm
塔防迷宫,熊出没之极限弹射,http://app.mi.com/datails?id=com.XCMTS.BearLimitejection.mi
塔防迷宫,植物大战僵尸,http://app.mi.com/datails?id=com.pvz.nb
塔防迷宫,三国塔防传奇,http://app.mi.com/datails?id=com.llread.define.mi
塔防迷宫,植物大战僵尸高清版,http://app.mi.com/datails?id=com.pvzHD.uuzw
塔防迷宫,斗龙战士3-天降小怪兽,http://app.mi.com/datails?id=com.sg.dlzs.mi
塔防迷宫,保卫萝卜2,http://app.mi.com/datails?id=com.carrot.iceworld
塔防迷宫,植物大战僵尸2,http://app.mi.com/datails?id=com.popcap.pvz2xm
塔防迷宫,保卫萝卜3,http://app.mi.com/datails?id=com.feiyu.carrot3.mi
塔防迷宫,猫里奥大冒险,http://app.mi.com/datails?id=com.gorkaramirez.syobonactionhalloween.mg
塔防迷宫,植物大战僵尸全明星,http://app.mi.com/datails?id=com.njyy.pvzqmx.mi
塔防迷宫,火柴人僵尸战争,http://app.mi.com/datails?id=com.nbify.stickman.zombie.war.pt
塔防迷宫,皇家守卫军前线,http://app.mi.com/datails?id=com.ironhidegames.android.kingdomrushfrontiers
塔防迷宫,密室逃脱：医院越狱解密类逃生游戏,http://app.mi.com/datails?id=com.papabox.room8.ggplay.mt
塔防迷宫,火柴人大战僵尸,http://app.mi.com/datails?id=com.sns.hcrdzjs.mi
塔防迷宫,植物大战木乃伊-僵尸生存,http://app.mi.com/datails?id=com.yifeng.plantwar.mi
塔防迷宫,保卫向日葵-无限阳光,http://app.mi.com/datails?id=org.cocos2dx.bwxrk.mi
塔防迷宫,乱武三国-策略塔防,http://app.mi.com/datails?id=com.lwsg.mi
塔防迷宫,恐怖地下室2,http://app.mi.com/datails?id=com.yqqm.terror2.mi
塔防迷宫,兰德里纳河的地下室2,http://app.mi.com/datails?id=com.dvloper.slendrinathecellar2.mg
塔防迷宫,贪婪洞窟,http://app.mi.com/datails?id=com.qbao.tldk.mi
塔防迷宫,塔防之王,http://app.mi.com/datails?id=com.mobirix.towerking.pt
塔防迷宫,塔王之王-Q版萌系,http://app.mi.com/datails?id=com.youai.qile.kot.a.a.qitian.mi
塔防迷宫,玩具塔防2,http://app.mi.com/datails?id=com.melesta.toydefense2
塔防迷宫,一路三国-保卫主公,http://app.mi.com/datails?id=com.zgylsg.mi
塔防迷宫,植物怒战僵尸王,http://app.mi.com/datails?id=com.zsfz.zwnzjsw3.mi
塔防迷宫,跑球,http://app.mi.com/datails?id=com.peafonestudio.running.ball.mt
塔防迷宫,美食大战老鼠竞技版,http://app.mi.com/datails?id=com.msjj.union.mi
塔防迷宫,葫芦娃暴击小妖精,http://app.mi.com/datails?id=com.xyqh.hlwbjxyj.mi
塔防迷宫,守卫主公-三国志塔防,http://app.mi.com/datails?id=com.bmyx.swzg.mi
塔防迷宫,塔防三国志,http://app.mi.com/datails?id=com.shanggame.tssy.mi
塔防迷宫,成长城堡,http://app.mi.com/datails?id=com.raongames.growca.elm
塔防迷宫,梦塔防：自走棋,http://app.mi.com/datails?id=com.dianhun.mtf.mi
塔防迷宫,猫咪大战争,http://app.mi.com/datails?id=jp.co.ponos.battlecatstw.mt
塔防迷宫,沙盒世界：宝可梦,http://app.mi.com/datails?id=com.spectre.pixelmon.mt
塔防迷宫,葫芦娃之天天跑酷,http://app.mi.com/datails?id=com.xyqh.runhlw.mi
塔防迷宫,山羊大碰撞,http://app.mi.com/datails?id=com.toccata.games.bumpsheep
塔防迷宫,山羊模拟器,http://app.mi.com/datails?id=com.superherogames.goatsim.dbzq.m
塔防迷宫,葫芦娃保卫战,http://app.mi.com/datails?id=com.jiayi.bwz.mi
塔防迷宫,奥特曼超人之银河守卫队,http://app.mi.com/datails?id=com.sg.atmyhswd.mi
塔防迷宫,迷宫,http://app.mi.com/datails?id=com.DagiDagi.MazeRunner2d.mt
塔防迷宫,迷宫闯关,http://app.mi.com/datails?id=com.FLGames.PolygonalMaze.mt
网游RPG,异能少年在都市,http://app.mi.com/datails?id=com.zengame.ynsnzds.mi
模拟经营,恋与制作人,http://app.mi.com/datails?id=com.papegames.evol.mi
网游RPG,创造与魔法,http://app.mi.com/datails?id=com.hero.sm.mi
模拟经营,票房大卖王,http://app.mi.com/datails?id=com.boxoff.king.mi
模拟经营,模拟城市：我是市长,http://app.mi.com/datails?id=com.ea.simcitymobile.mi
休闲创意,边境之旅,http://app.mi.com/datails?id=com.netease.ma71.mi
模拟经营,地下城堡2,http://app.mi.com/datails?id=com.taojin.dungeon2.mi
模拟经营,美美小店,http://app.mi.com/datails?id=com.forgame.meimei.mi
休闲创意,我的世界-村庄保卫战,http://app.mi.com/datails?id=com.netease.mc.mi
休闲创意,迷你世界,http://app.mi.com/datails?id=com.minitech.miniworld.TMobile.mi
模拟经营,大富豪3,http://app.mi.com/datails?id=com.yaowan.dfh3.mi
模拟经营,木筏求生：绝地生存,http://app.mi.com/datails?id=com.raftsurvival.raft.xc
模拟经营,叫我万岁爷,http://app.mi.com/datails?id=com.wsy.wansuiye.mi
休闲创意,动画城市,http://app.mi.com/datails?id=com.foranj.cartooncity.mi
休闲创意,不思议迷宫,http://app.mi.com/datails?id=com.leiting.gumballs.mi
模拟经营,游戏大亨-模拟CEO,http://app.mi.com/datails?id=com.zhangzu.yxdh.mi
模拟经营,猎场-老板来了,http://app.mi.com/datails?id=com.yaowan.liechang.mi
模拟经营,我的熊大熊二,http://app.mi.com/datails?id=com.soulgame.bear.mi
模拟经营,熊出没之熊大农场,http://app.mi.com/datails?id=com.joym.bearfarm.wali
模拟经营,梦想城镇,http://app.mi.com/datails?id=com.playrix.township.chukong.mi
模拟经营,主题医院,http://app.mi.com/datails?id=com.sus.ztyy.mi
模拟经营,我们的少年时代,http://app.mi.com/datails?id=com.idsgame.tfbsgo.mi
休闲创意,开心水族箱,http://app.mi.com/datails?id=com.happyelements.happyfishandroidmi
模拟经营,超脱力医院,http://app.mi.com/datails?id=com.cis.cathospital.mi
模拟经营,明星志愿：星之守护,http://app.mi.com/datails?id=com.softstar.stardom.mi
网游RPG,烈焰王座,http://app.mi.com/datails?id=com.zhangzu.lywz.mi
模拟经营,育龙高手,http://app.mi.com/datails?id=com.sincetimes.dragonfarmii.mi
模拟经营,暖暖环游世界,http://app.mi.com/datails?id=com.pape.nuannew.cm.mitalk
模拟经营,樱花校园模拟器(中文版),http://app.mi.com/datails?id=jp.garud.ssimulator.mt
模拟经营,奇迹暖暖,http://app.mi.com/datails?id=com.tencent.tmgp.qjnn
模拟经营,60秒生存,http://app.mi.com/datails?id=com.devsec.nuke.dbzq.m
模拟经营,汽车修理工模拟2018,http://app.mi.com/datails?id=com.playway.cms2017.mt
模拟经营,方舟：生存进化,http://app.mi.com/datails?id=com.snailgames.arkse.mi
模拟经营,汽车修理工模拟,http://app.mi.com/datails?id=com.play.io.modern.car.wash.service.gas.station.mechanic.xsl
模拟经营,迷你工艺探索,http://app.mi.com/datails?id=com.newgenerationcraftgame.mbigames.mg
模拟经营,全民大富豪,http://app.mi.com/datails?id=com.ds.qmdfh.mi
模拟经营,老爹汉堡店,http://app.mi.com/datails?id=air.calmgoing.monijingyinghanbaodian.bnn
模拟经营,逃出银河系-木筏荒岛求生,http://app.mi.com/datails?id=com.tcyhx.game.mi
模拟经营,皮皮虾传奇,http://app.mi.com/datails?id=com.miaoju.ppxcq.mi
模拟经营,当妈模拟器,http://app.mi.com/datails?id=com.te.virtual.mother.family.simulator.pt
模拟经营,托卡世界,http://app.mi.com/datails?id=com.tocaboca.tocalifeworld
模拟经营,辐射：避难所Online,http://app.mi.com/datails?id=com.shandagames.shelter.mi
模拟经营,我是大官人,http://app.mi.com/datails?id=com.ds.wsdgr.mi
模拟经营,老爹果汁店,http://app.mi.com/datails?id=air.com.flipline.papasfreezeriatogo.bnn
模拟经营,小花仙精灵乐园,http://app.mi.com/datails?id=cn.ultralisk.game58.mi
模拟经营,创造迷你世界,http://app.mi.com/datails?id=com.mojang.minecrafttrialpe.xsl
